video_title,video_id,video_length_minutes,video_created,watch_time_minutes,views,average_view_duration,average_percentage_viewed,card_clicks,cards_shown,clicks_per_card_shown,card_teaser_clicks,card_teasers_shown,clicks_per_card_teaser_shown,end_screen_elements_shown,end_screen_element_clicks,clicks_per_end_screen_element_shown,youtube_red_watch_time_minutes,youtube_red_views,youtube_red_watch_time_hours,annotation_clicks,clickable_annotations_shown,annotation_click_through_rate,annotation_closes,closable_annotations_shown,annotation_close_rate,annotations_shown,likes,likes_added,likes_removed,dislikes,dislikes_added,dislikes_removed,shares,comments,videos_in_playlists,videos_added_to_playlists,videos_removed_from_playlists,subscribers,subscribers_gained,subscribers_lost,watch_time_hours
Cub Linux 1.5 (Chromium + Ubuntu) - Demo,3rjgydqdCZ0,7.90,"Jan 24, 2016",7961,6800,1.2,14.82,0,0,0.00,0,0,0.00,0,0,0.00,102,99,2,0,0,0.00,0,0,0.00,0,13,14,1,5,5,0,2,5,6,12,6,6,6,0,133
Gimp - Pfeile erzeugen,_n5BdTNw2SE,5.57,"Jan 02, 2014",7106,4609,1.5,27.70,0,0,0.00,0,0,0.00,0,0,0.00,0,0,0,0,0,0.00,0,0,0.00,0,12,12,0,6,6,0,0,1,3,5,2,2,2,0,118
DEFT Linux 8 (Digital Evidence & Forensic Toolkit) - Demo,XzRACOBnMas,5.78,"Jul 28, 2013",5640,3901,1.4,25.00,0,0,0.00,0,0,0.00,0,0,0.00,22,11,0,0,0,0.00,0,0,0.00,0,4,4,0,2,4,2,3,3,7,8,1,5,5,0,94
CAELinux 2013 - Demo,UcOyFalHO4U,7.83,"Mar 11, 2014",3760,2237,1.7,21.46,0,0,0.00,0,0,0.00,0,0,0.00,23,9,0,0,0,0.00,0,0,0.00,0,5,5,0,1,1,0,3,0,-1,0,1,2,2,0,63
LibreOffice - Calc - Bedingte Formatierungen,F1aoLGhEY-w,4.62,"Apr 30, 2015",2487,1176,2.1,45.81,0,0,0.00,0,0,0.00,0,0,0.00,0,0,0,0,0,0.00,0,0,0.00,0,2,2,0,0,0,0,1,0,1,2,1,1,1,0,41
AngularJS - Was ist angular.js,7YjKmFQhh4k,5.93,"May 18, 2014",2348,794,3.0,49.84,3,4,75.00,4,232,1.72,0,0,0.00,0,0,0,0,0,0.00,0,0,0.00,0,4,4,0,1,1,0,1,0,5,5,0,0,0,0,39
Youtube-Videos mittels VLC herunterladen (speichern und konvertieren),KhxyoB0ksqY,2.25,"Dec 31, 2013",2284,1469,1.6,69.09,0,0,0.00,0,0,0.00,0,0,0.00,0,0,0,0,0,0.00,0,0,0.00,0,1,1,0,0,0,0,2,0,1,1,0,0,0,0,38
AngularJS - Hallo Welt,66opQphBDkI,5.17,"May 24, 2014",2203,1496,1.5,28.50,12,38,31.58,19,1579,1.20,0,0,0.00,0,0,0,16,1317,1.21,53,1317,4.02,1317,2,2,0,1,1,0,0,0,1,3,2,2,2,0,37
LibreOffice - Ein Makro selbst erstellen (der Makro-Recorder),k3E8SF9p8qg,4.15,"Feb 22, 2014",2180,1177,1.9,44.64,0,0,0.00,0,0,0.00,0,0,0.00,0,0,0,0,0,0.00,0,0,0.00,0,0,0,0,2,2,0,0,0,2,3,1,0,0,0,36
Git für Einsteiger - Was ist Git ?,lVzEQQQGhxI,7.47,"Feb 01, 2015",2143,782,2.7,36.71,0,0,0.00,0,0,0.00,0,0,0.00,0,0,0,16,172,9.30,5,172,2.91,172,6,6,0,0,0,0,1,0,3,3,0,1,1,0,36
MyPaint - Zeichenprogramm,YGlbFrvZ3DI,7.98,"Mar 15, 2012",1842,1174,1.6,19.65,0,0,0.00,0,0,0.00,0,0,0.00,0,0,0,0,0,0.00,0,0,0.00,0,4,4,0,1,2,1,1,0,5,9,4,2,2,0,31
"Python-Programmierung - Das erste ""nützliche"" Programm",V9XBq57NrIw,5.50,"Sep 04, 2013",1729,925,1.9,33.99,0,0,0.00,0,0,0.00,0,0,0.00,0,0,0,0,0,0.00,0,0,0.00,0,3,3,0,1,1,0,0,0,11,14,3,1,1,0,29
HTML und CSS - Webseite veröffentlichen (Hosting),rnRCYP5dFrY,6.85,"Aug 03, 2015",1581,573,2.8,40.28,1,30,3.33,16,613,2.61,0,0,0.00,0,1,0,0,0,0.00,0,0,0.00,0,14,14,0,1,1,0,1,3,92,96,4,0,0,0,26
"Remix OS 2.0 Alpha - Demo (Android 5.1.1 auf dem PC, Guest Mode)",OgR86-areTw,7.85,"Jan 12, 2016",1570,947,1.7,21.11,0,0,0.00,0,0,0.00,0,0,0.00,18,9,0,0,0,0.00,0,0,0.00,0,5,5,0,1,1,0,0,1,3,7,4,1,1,0,26
"Maxdome, Watchever und Amazon Instant Video mit Pipelight unter Linux",Sxm_IIURs78,8.58,"Apr 10, 2014",1481,611,2.4,28.24,0,0,0.00,0,0,0.00,0,0,0.00,0,0,0,0,0,0.00,0,0,0.00,0,0,0,0,0,0,0,0,1,1,4,3,0,0,0,25
Python-Programmierung - ein kleines Beispiel,Zai1wMPsciI,3.53,"Jul 29, 2011",1459,1087,1.3,37.99,0,0,0.00,0,0,0.00,0,0,0.00,0,0,0,0,0,0.00,0,0,0.00,0,3,3,0,0,0,0,0,0,1,2,1,0,0,0,24
Raspberry Pi - arkos installieren (Self-Hosting ganz einfach),_-eE1HDBGuI,5.68,"Nov 06, 2013",1347,959,1.4,24.72,0,0,0.00,0,0,0.00,0,0,0.00,1,2,0,11,699,1.57,209,699,29.90,699,1,1,0,0,0,0,0,1,-1,0,1,0,0,0,22
Lumina 0.8.7 (Lumina-Desktop on Ubuntu 15.10) - Demo,AW1762zr4qE,5.87,"Feb 12, 2016",1329,1047,1.3,21.63,0,0,0.00,0,0,0.00,0,0,0.00,2,5,0,0,0,0.00,0,0,0.00,0,4,5,1,0,1,1,1,0,6,7,1,0,0,0,22
Linux - Administrator-Rechte vergeben,boq9Ls-LvKg,4.53,"Sep 04, 2013",1223,763,1.6,35.35,0,0,0.00,0,0,0.00,0,0,0.00,0,0,0,0,0,0.00,0,0,0.00,0,1,1,0,1,1,0,0,1,2,2,0,1,1,0,20
Python-Programmierung - OOP - Klassen in Python,_5oZrq63eis,6.25,"Feb 29, 2012",1218,556,2.2,35.06,0,0,0.00,0,0,0.00,0,0,0.00,0,0,0,0,0,0.00,0,0,0.00,0,3,3,0,2,4,2,1,1,2,3,1,0,0,0,20
stegdetect (Steganografieerkennung),ca89Mduz2jo,2.10,"Jul 30, 2013",1186,1679,0.7,33.64,0,0,0.00,0,0,0.00,0,0,0.00,2,5,0,0,0,0.00,0,0,0.00,0,2,2,0,0,0,0,0,0,-1,1,2,0,0,0,20
LibreOffice - Writer - Ändern von Seitenrändern,er12qLLm3OE,3.63,"Feb 20, 2013",1046,672,1.6,42.83,0,0,0.00,0,0,0.00,0,0,0.00,0,0,0,0,0,0.00,0,0,0.00,0,2,2,0,1,1,0,2,1,0,0,0,0,0,0,17
LibreOffice - Writer - AutoText benutzen,GBfx1DSkLkw,3.73,"Apr 12, 2012",956,580,1.6,44.16,0,0,0.00,0,0,0.00,0,0,0.00,0,1,0,0,0,0.00,0,0,0.00,0,0,0,0,1,1,0,0,0,0,0,0,0,0,0,16
LibreOffice - Calc - Datum und Zeit eingeben,hbWiDXxRvhE,3.58,"Apr 23, 2014",905,596,1.5,42.40,0,0,0.00,0,0,0.00,0,0,0.00,0,0,0,0,0,0.00,0,0,0.00,0,2,2,0,2,2,0,0,1,1,2,1,0,0,0,15
GIMP - Einen Rahmen um einen Bereich in einem Bild ziehen,mYJE59lh7GQ,4.12,"Apr 16, 2014",823,573,1.4,34.88,0,0,0.00,0,0,0.00,0,0,0.00,0,0,0,0,0,0.00,0,0,0.00,0,1,1,0,4,4,0,0,0,1,2,1,0,0,0,14
LibreOffice Makro - Makros schreiben ohne Recorder,g3dcm1kXPlw,4.58,"May 09, 2014",817,454,1.8,39.25,0,0,0.00,0,0,0.00,0,0,0.00,0,0,0,0,0,0.00,0,0,0.00,0,0,0,0,0,0,0,0,0,6,6,0,0,0,0,14
"LibreOffice Calc - Datensätze säubern, vereinheitlichen und automatisch ausfüllen",fiXQhycZ-Jk,5.12,"Jun 26, 2013",817,371,2.2,43.02,0,0,0.00,0,0,0.00,0,0,0.00,0,0,0,0,0,0.00,0,0,0.00,0,2,2,0,0,0,0,0,0,2,3,1,0,0,0,14
LibreOffice - Ihr erstes Makro,URIBxtc9PNk,5.08,"Feb 20, 2014",798,354,2.3,44.32,0,0,0.00,0,0,0.00,0,0,0.00,0,0,0,0,0,0.00,0,0,0.00,0,0,0,0,0,0,0,0,0,1,2,1,0,0,0,13
Ubuntu Privacy Remix (UPR) 12.04r1 - Demo,8hI2FYys0Gc,6.80,"May 09, 2014",776,608,1.3,18.76,0,0,0.00,0,0,0.00,0,0,0.00,0,0,0,0,0,0.00,0,0,0.00,0,0,0,0,0,0,0,0,0,0,0,0,0,0,0,13
jQuery einbinden,6ZQz6dAhJlw,5.62,"Jun 17, 2012",732,413,1.8,31.54,0,0,0.00,0,0,0.00,0,0,0.00,0,0,0,0,0,0.00,0,0,0.00,0,0,0,0,1,1,0,4,1,0,0,0,1,1,0,12
HTML und CSS - Ein Bild einfügen (img),diiikCQbmlA,4.02,"Apr 29, 2015",731,558,1.3,32.63,0,2,0.00,1,587,0.17,0,0,0.00,0,0,0,0,0,0.00,0,0,0.00,0,2,3,1,0,0,0,1,0,0,0,0,1,1,0,12
LibreOffice - Sonderzeichen einfügen,y4YGn-rc0Gc,2.50,"Nov 27, 2011",718,696,1.0,41.27,0,0,0.00,0,0,0.00,0,0,0.00,0,0,0,0,0,0.00,0,0,0.00,0,1,1,0,0,0,0,0,0,0,0,0,0,0,0,12
"R - Vektoren, ein Balkendiagramm erstellen und als Bild speichern",i-T_rX8vw_w,6.15,"Aug 06, 2015",706,436,1.6,26.33,0,0,0.00,0,451,0.00,0,0,0.00,0,0,0,0,0,0.00,0,0,0.00,0,0,0,0,0,0,0,0,0,0,0,0,0,0,0,12
Tails 2.0 - Demo,vEEo4QUwTs0,7.17,"Feb 05, 2016",703,490,1.4,20.02,0,0,0.00,0,0,0.00,0,0,0.00,4,3,0,0,0,0.00,0,0,0.00,0,2,3,1,0,0,0,1,1,3,5,2,0,0,0,12
Webcamstudio,yiUKujXnLmY,6.53,"Sep 25, 2011",698,586,1.2,18.23,0,0,0.00,0,0,0.00,0,0,0.00,4,5,0,0,0,0.00,0,0,0.00,0,1,1,0,1,1,0,0,0,0,0,0,0,0,0,12
Python-Programmierung - Reguläre Ausdrücke - Zeichenkunde,WR8rc4Y65Bc,9.63,"Feb 16, 2013",687,163,4.2,43.76,0,0,0.00,0,0,0.00,0,0,0.00,0,0,0,0,0,0.00,0,0,0.00,0,1,1,0,0,0,0,0,0,1,1,0,1,1,0,11
Video-Editor OpenShot - Transparente Bilder über Video legen,68bH8P-OlM4,5.82,"Jan 04, 2014",676,570,1.2,20.40,0,0,0.00,0,0,0.00,0,0,0.00,0,0,0,0,0,0.00,0,0,0.00,0,0,0,0,0,0,0,2,0,0,0,0,0,0,0,11
Python-Programmierung - For-Schleife,UMFFpg1hGV8,3.38,"Mar 20, 2011",674,483,1.4,41.26,0,0,0.00,0,0,0.00,0,0,0.00,0,0,0,0,0,0.00,0,0,0.00,0,1,2,1,0,0,0,0,0,0,0,0,1,1,0,11
RebeccaBlackOS 2016-02-08 (Wayland) - Demo,LoQg8zHLO7c,6.27,"Feb 13, 2016",669,598,1.1,17.85,0,0,0.00,0,0,0.00,0,0,0.00,12,8,0,0,0,0.00,0,0,0.00,0,4,4,0,0,0,0,0,2,2,3,1,-1,0,1,11
LibreOffice - Dokument mit einem Passwort schützen,Bfymrr1b7Tg,3.85,"Aug 04, 2011",643,456,1.4,36.64,0,0,0.00,0,0,0.00,0,0,0.00,0,0,0,0,0,0.00,0,0,0.00,0,4,4,0,0,0,0,0,0,0,0,0,1,1,0,11
Fedora 25 Beta (Workstation) - Demo,gpAdo9RNcnM,8.98,"Oct 12, 2016",618,466,1.3,14.77,0,0,0.00,0,0,0.00,0,0,0.00,7,6,0,0,0,0.00,0,0,0.00,0,2,2,0,0,0,0,0,0,3,4,1,0,0,0,10
nginx - PHP - FastCGI,gppdmWBa0uc,5.08,"Oct 18, 2012",614,429,1.4,28.17,0,0,0.00,0,0,0.00,0,0,0.00,6,2,0,0,0,0.00,0,0,0.00,0,0,0,0,0,0,0,0,0,0,0,0,0,0,0,10
LibreOffice - Calc - Fixieren von Spalten und Zeilen,czJ6EpZRFGU,4.63,"Apr 08, 2014",608,378,1.6,34.73,0,0,0.00,0,0,0.00,0,0,0.00,0,0,0,0,0,0.00,0,0,0.00,0,0,0,0,0,0,0,0,1,1,2,1,1,1,0,10
Ubuntu 12.04 LTS - Demo,pCK8HCyQw8w,4.42,"Apr 26, 2012",597,489,1.2,27.64,0,0,0.00,0,0,0.00,0,0,0.00,2,2,0,0,0,0.00,0,0,0.00,0,0,0,0,0,0,0,2,0,0,0,0,0,0,0,10
Gnome3 - gnome-tweak-tool,JvL7grYgm7Q,2.20,"Apr 26, 2011",594,888,0.7,30.41,0,0,0.00,0,0,0.00,0,0,0.00,3,6,0,0,0,0.00,0,0,0.00,0,1,1,0,0,0,0,0,0,-1,0,1,0,0,0,10
photorec und recoverjpeg - gelöschte Dateien wiederherstellen,7xeti_eC_a4,7.58,"Sep 04, 2013",593,226,2.6,34.63,0,0,0.00,0,0,0.00,0,0,0.00,0,0,0,0,0,0.00,0,0,0.00,0,1,1,0,1,1,0,1,0,0,0,0,0,0,0,10
Python-Programmierung - Die interaktive Shell,KyMNA_0Nm-Q,3.12,"Sep 02, 2013",573,638,0.9,28.83,0,0,0.00,0,0,0.00,0,0,0.00,0,1,0,0,0,0.00,0,0,0.00,0,3,4,1,0,0,0,0,0,0,2,2,4,4,0,10
Firefox - Quick Locale Switcher,ULDdrl0soqw,3.23,"Aug 18, 2011",568,598,0.9,29.37,0,0,0.00,0,0,0.00,0,0,0.00,0,0,0,0,0,0.00,0,0,0.00,0,2,2,0,1,1,0,0,0,0,0,0,0,0,0,9
lighttpd - PHP - FastCGI,UhKT7StOANU,6.60,"Oct 18, 2012",554,384,1.4,21.84,0,0,0.00,0,0,0.00,0,0,0.00,1,1,0,0,0,0.00,0,0,0.00,0,1,1,0,1,1,0,1,1,0,2,2,0,0,0,9
Python-Programmierung - while-Schleife,rAh8_41_Xnw,5.98,"May 03, 2011",505,226,2.2,37.36,0,0,0.00,0,0,0.00,0,0,0.00,0,0,0,0,0,0.00,0,0,0.00,0,0,0,0,0,0,0,0,0,0,0,0,0,0,0,8
"Maui 2 ""Blue Tang"" (Linux) - Demo",OJFcKZCBPpc,7.75,"Oct 28, 2016",497,312,1.6,20.57,0,0,0.00,0,0,0.00,0,0,0.00,0,2,0,0,0,0.00,0,0,0.00,0,3,3,0,0,0,0,0,1,2,3,1,0,0,0,8
LibreOffice - Makro ansehen und bearbeiten,BjoTWQcpPWs,9.25,"Mar 04, 2014",494,189,2.6,28.28,0,0,0.00,0,0,0.00,0,0,0.00,0,0,0,0,0,0.00,0,0,0.00,0,0,0,0,0,0,0,0,0,1,2,1,0,0,0,8
LibreOffice - Writer - Änderungen an einem Dokument verfolgen,SnT_h3NKUsk,3.77,"Jul 13, 2012",493,360,1.4,36.38,0,0,0.00,0,0,0.00,0,0,0.00,0,0,0,0,0,0.00,0,0,0.00,0,0,0,0,0,0,0,0,0,0,0,0,0,0,0,8
Python-Programmierung - pygments - Syntax-Highlighting,D7GtJ6JDNJU,9.08,"Apr 23, 2014",490,394,1.2,13.68,0,0,0.00,0,0,0.00,0,0,0.00,1,2,0,0,0,0.00,0,0,0.00,0,0,0,0,0,0,0,0,0,0,0,0,1,1,0,8
lighttpd - Installation,qbuXVY-Coxo,3.80,"Oct 14, 2012",489,547,0.9,23.50,0,0,0.00,0,0,0.00,0,0,0.00,1,2,0,0,0,0.00,0,0,0.00,0,2,2,0,0,0,0,1,0,1,1,0,0,0,0,8
pwgen - ein Passwort generieren,kvZESHxtx9c,3.55,"Oct 26, 2011",484,522,0.9,26.22,0,0,0.00,0,0,0.00,0,0,0.00,0,0,0,0,0,0.00,0,0,0.00,0,0,0,0,1,2,1,0,0,0,0,0,0,0,0,8
LibreOffice Writer - Erste Schritte mit regulären Ausdrücken,3koqIitD4wc,10.47,"Jun 18, 2013",465,203,2.3,21.89,0,0,0.00,0,0,0.00,0,0,0.00,0,0,0,0,0,0.00,0,0,0.00,0,0,0,0,0,0,0,0,0,-1,0,1,1,1,0,8
OpenLayers 3 - eine Karte auf eine Webseite setzen,3xiI_v9TopE,4.87,"Aug 21, 2015",464,244,1.9,39.11,0,2,0.00,5,203,2.46,0,0,0.00,0,0,0,0,0,0.00,0,0,0.00,0,1,1,0,0,0,0,0,0,1,2,1,0,0,0,8
Firefox - bessere Verschlüsselung einstellen (How's my SSL ?),UuKRfhPShsk,4.60,"Jan 08, 2014",458,241,1.9,41.32,0,0,0.00,0,0,0.00,0,0,0.00,0,0,0,0,0,0.00,0,0,0.00,0,0,0,0,0,0,0,0,0,1,1,0,0,0,0,8
Raspberry Pi - eine LED ein- und ausschalten,iFewgCdIdMU,9.05,"May 01, 2014",456,188,2.4,26.78,0,0,0.00,0,0,0.00,0,0,0.00,0,0,0,4,137,2.92,14,137,10.22,137,0,0,0,0,0,0,0,0,0,0,0,0,0,0,8
LibreOffice - Calc - Zellen mit Auto-Ausfüllen füllen,Qq0EuYnZRSw,6.10,"Apr 26, 2014",444,223,2.0,32.61,0,0,0.00,0,0,0.00,0,0,0.00,0,0,0,0,0,0.00,0,0,0.00,0,1,1,0,0,0,0,0,0,2,3,1,0,0,0,7
CouchDB - erste Schritte,SsxMqWBNlho,4.70,"Apr 05, 2012",443,185,2.4,50.95,0,0,0.00,0,0,0.00,0,0,0.00,0,0,0,0,0,0.00,0,0,0.00,0,0,0,0,0,0,0,0,0,0,0,0,0,0,0,7
Python-Programmierung - Hallo Welt,VcKxtM2bfCM,3.45,"Sep 02, 2013",427,260,1.6,47.60,0,0,0.00,0,0,0.00,0,0,0.00,0,0,0,0,0,0.00,0,0,0.00,0,1,1,0,0,0,0,0,1,0,0,0,2,2,0,7
Python-Programmierung - Ab ins Netz - urllib und urllib2,3jT0PqmeqlA,6.12,"Oct 12, 2012",424,168,2.5,41.25,0,0,0.00,0,0,0.00,0,0,0.00,0,0,0,0,0,0.00,0,0,0.00,0,0,0,0,0,0,0,0,0,0,0,0,0,0,0,7
Ubuntu - Dateien richtig löschen,5pyMI1aR6oU,2.98,"Aug 11, 2011",421,328,1.3,43.04,0,0,0.00,0,0,0.00,0,0,0.00,0,0,0,0,0,0.00,0,0,0.00,0,1,1,0,0,0,0,0,0,1,1,0,0,0,0,7
"Gnome3 - Fenster minimieren, Fenster maximieren, Fenstermenü aktivieren",XzwPDKIFeWI,2.43,"Apr 25, 2011",420,373,1.1,46.31,0,0,0.00,0,0,0.00,0,0,0.00,0,0,0,0,0,0.00,0,0,0.00,0,1,1,0,0,0,0,0,1,0,0,0,0,0,0,7
Git für Einsteiger - Git-Repository anlegen,wEuGHdkINZo,5.93,"Feb 01, 2015",412,174,2.4,39.87,0,0,0.00,0,0,0.00,0,0,0.00,0,0,0,20,206,9.71,15,206,7.28,206,0,0,0,0,0,0,1,0,3,3,0,1,1,0,7
Screencast 071 - OpenOffice.org - Writer - Ein Dokument drucken,ZogRuOMIxtQ,3.98,"Jan 28, 2011",409,321,1.3,31.98,0,0,0.00,0,0,0.00,0,0,0.00,0,0,0,0,0,0.00,0,0,0.00,0,1,2,1,4,4,0,0,0,0,1,1,0,0,0,7
Open webOS - Desktop - Demo,6_Rn3TXEf5o,3.52,"Oct 17, 2012",407,419,1.0,27.59,0,0,0.00,0,0,0.00,0,0,0.00,2,6,0,0,0,0.00,0,0,0.00,0,0,0,0,1,1,0,1,0,1,1,0,1,1,0,7
LibreOffice - Writer - Kopf- und Fusszeilen erstellen,GemGDdznxQU,3.92,"Sep 20, 2012",393,245,1.6,40.97,0,0,0.00,0,0,0.00,0,0,0.00,0,0,0,0,0,0.00,0,0,0.00,0,1,1,0,0,0,0,0,0,1,1,0,0,0,0,7
bottle - GET- und POST-Daten Abfragen,AJORT0b7xWY,5.08,"Jun 07, 2012",392,562,0.7,13.73,0,0,0.00,0,0,0.00,0,0,0.00,0,0,0,0,0,0.00,0,0,0.00,0,1,1,0,0,0,0,0,2,1,1,0,2,2,0,7
LibreOffice 5 installieren (Linux),gb1IYzofAAc,3.12,"Aug 15, 2015",369,184,2.0,64.39,0,1,0.00,1,85,1.18,0,0,0.00,0,0,0,0,0,0.00,0,0,0.00,0,0,0,0,0,0,0,0,0,0,0,0,0,0,0,6
Matplotlib und Pylab - Installation,Ctc5tzbB_yc,5.18,"Jul 10, 2012",364,459,0.8,15.31,0,0,0.00,0,0,0.00,0,0,0.00,6,3,0,0,0,0.00,0,0,0.00,0,1,1,0,2,2,0,0,0,0,0,0,0,0,0,6
Firefox - ungefähre Standortbestimmung deaktivieren - geo.enabled deaktivieren,LhV8CyF7f4w,2.08,"Nov 02, 2013",358,317,1.1,54.27,0,0,0.00,0,0,0.00,0,0,0.00,0,0,0,0,0,0.00,0,0,0.00,0,0,0,0,0,0,0,0,0,0,0,0,0,0,0,6
LibreOffice - Calc - Fenster teilen,HTK67skKYEY,4.37,"Apr 16, 2014",353,223,1.6,36.20,0,0,0.00,0,0,0.00,0,0,0.00,0,0,0,0,0,0.00,0,0,0.00,0,0,0,0,0,0,0,0,0,3,4,1,0,0,0,6
Raspberry Pi - arkos - Genesis - Terminal und Execute (Kommandos über den Browser eingeben),lCScxEAINn8,5.97,"Nov 14, 2013",349,244,1.4,23.99,0,0,0.00,0,0,0.00,0,0,0.00,0,0,0,0,0,0.00,0,0,0.00,0,3,3,0,0,0,0,0,0,1,1,0,0,0,0,6
Online-TV mit Magine und Pipelight/Silverlight unter Linux betrachten,dIyHCbx8Jrw,5.12,"Apr 29, 2014",347,217,1.6,31.26,0,0,0.00,0,0,0.00,0,0,0.00,0,0,0,0,0,0.00,0,0,0.00,0,0,0,0,1,1,0,0,0,6,6,0,1,1,0,6
Python-Programmierung - subprocess,n2YkGue9y3M,4.65,"Nov 10, 2013",337,240,1.4,30.16,0,0,0.00,0,0,0.00,0,0,0.00,0,1,0,0,0,0.00,0,0,0.00,0,0,0,0,0,0,0,0,0,0,0,0,1,1,0,6
Lubuntu 13.10 - Demo,zCtoVP8INLk,4.72,"Oct 19, 2013",336,278,1.2,25.66,0,0,0.00,0,0,0.00,0,0,0.00,3,2,0,0,0,0.00,0,0,0.00,0,0,0,0,0,0,0,0,0,0,0,0,0,0,0,6
LibreOffice - Writer - Rechtschreib- und Grammatikprüfung,6aV9AnPEWbc,4.92,"Jun 13, 2012",331,192,1.7,35.10,0,0,0.00,0,0,0.00,0,0,0.00,0,0,0,0,0,0.00,0,0,0.00,0,0,0,0,0,0,0,0,0,0,0,0,0,0,0,6
Linux - gelöschte Dateien wiederherstellen,9DoDY09AAdg,3.72,"Mar 29, 2015",330,212,1.6,41.92,0,10,0.00,3,262,1.15,0,0,0.00,0,0,0,0,0,0.00,0,0,0.00,0,1,1,0,0,0,0,0,1,1,2,1,0,0,0,6
Opensuse Leap 42.1 RC1 - Installation - Demo,QgQDTMsLnfc,3.52,"Oct 18, 2015",327,306,1.1,30.41,0,0,0.00,0,0,0.00,0,0,0.00,1,2,0,0,0,0.00,0,0,0.00,0,1,1,0,0,0,0,0,0,1,1,0,0,0,0,5
SD-Karte des Raspberry Pi mit partclone sichern,GjUgVRRv8EI,8.72,"Mar 01, 2014",322,124,2.6,29.79,0,0,0.00,0,0,0.00,0,0,0.00,0,0,0,1,88,1.14,1,88,1.14,88,1,1,0,1,1,0,0,1,0,0,0,0,0,0,5
HTML und CSS - Eine CSS-Datei einbinden,4wUssMxrjss,3.03,"Aug 26, 2015",321,207,1.6,51.10,0,2,0.00,1,255,0.39,0,0,0.00,0,0,0,0,0,0.00,0,0,0.00,0,1,1,0,0,0,0,0,0,0,0,0,0,0,0,5
Gnome3 - Looking Glass,vnG2FQ4TmuQ,5.03,"Mar 20, 2012",320,305,1.0,20.85,0,0,0.00,0,0,0.00,0,0,0.00,0,2,0,0,0,0.00,0,0,0.00,0,0,0,0,0,0,0,0,0,0,0,0,0,0,0,5
Raspberry Pi - das Betriebssystem installieren - raspbian,qX-galb36Ng,5.98,"Oct 08, 2013",318,171,1.9,31.06,0,0,0.00,0,0,0.00,0,0,0.00,0,0,0,0,0,0.00,0,0,0.00,0,0,0,0,0,0,0,0,0,0,0,0,0,0,0,5
Opensuse Leap 42.1 RC1 - Demo,MOE6ATvnltU,7.53,"Oct 18, 2015",317,300,1.1,14.04,0,0,0.00,0,0,0.00,0,0,0.00,0,0,0,0,0,0.00,0,0,0.00,0,0,0,0,0,0,0,0,0,0,0,0,0,0,0,5
Debian - Das grundlegende Prinzip der Debian Paketverwaltung (.deb),K9BO5Gt53SU,6.90,"Nov 19, 2013",317,114,2.8,40.32,0,0,0.00,0,0,0.00,0,0,0.00,0,0,0,0,0,0.00,0,0,0.00,0,0,0,0,0,0,0,0,0,0,0,0,0,0,0,5
ffmpeg - Text in ein Video zeichnen (Videofilter drawtext),zyHFkgBQf7k,3.88,"Oct 09, 2013",315,263,1.2,30.80,0,0,0.00,0,0,0.00,0,0,0.00,0,0,0,0,0,0.00,0,0,0.00,0,0,0,0,1,1,0,0,0,0,0,0,0,0,0,5
popcorn.js - timeline, -zcLRW53h-w,4.00,"Apr 09, 2012",306,301,1.0,25.38,0,0,0.00,0,0,0.00,0,0,0.00,0,1,0,0,0,0.00,0,0,0.00,0,0,0,0,0,0,0,0,0,-1,0,1,0,0,0,5
SD-Karte des Raspberry Pi mit dd sichern,3yAjv-ky8io,6.05,"Jan 01, 2014",305,152,2.0,33.17,0,0,0.00,0,0,0.00,0,0,0.00,0,0,0,0,0,0.00,0,0,0.00,0,1,1,0,0,0,0,1,0,1,1,0,0,0,0,5
Gnome3 - Rückfall-Modus,QKkhUYuekMs,2.77,"Jan 09, 2014",296,217,1.4,49.22,0,0,0.00,0,0,0.00,0,0,0.00,0,0,0,0,0,0.00,0,0,0.00,0,0,0,0,0,0,0,0,0,0,0,0,0,0,0,5
Linux - PDF-Dokumente schreiben mit Pandoc und Markdown - PDF erzeugen,OwJNJTvTMOc,5.88,"Nov 02, 2013",295,147,2.0,34.12,0,0,0.00,0,0,0.00,0,0,0.00,0,0,0,0,0,0.00,0,0,0.00,0,0,0,0,0,0,0,1,0,2,3,1,0,0,0,5
Python-Programmierung - Zeichenketten,VnmuveKvn0U,5.20,"Sep 04, 2013",295,116,2.5,48.89,0,0,0.00,0,0,0.00,0,0,0.00,0,0,0,0,0,0.00,0,0,0.00,0,0,0,0,0,0,0,0,0,0,0,0,0,0,0,5
Ubuntu Studio 13.10 - Demo,dp3Nwqe9wJA,10.30,"Oct 19, 2013",293,158,1.9,17.99,0,0,0.00,0,0,0.00,0,0,0.00,0,0,0,0,0,0.00,0,0,0.00,0,1,1,0,0,1,1,0,0,-2,0,2,0,0,0,5
Informationen über ein Youtube-Video auslesen - Youtube Data API,3W41GRAx0lQ,4.70,"Oct 25, 2012",290,213,1.4,29.00,0,0,0.00,0,0,0.00,0,0,0.00,0,0,0,0,0,0.00,0,0,0.00,0,0,0,0,1,1,0,0,0,0,1,1,0,1,1,5
LibreOffice - Veränderungen rückgängig machen und Wiederherstellen von Veränderungen,pD5e4Luc654,2.75,"Aug 16, 2011",289,282,1.0,37.22,0,0,0.00,0,0,0.00,0,0,0.00,0,0,0,0,0,0.00,0,0,0.00,0,0,0,0,0,0,0,0,0,1,1,0,0,0,0,5
Linux - Liquid prompt,gHMQKZGjjiw,7.82,"Oct 12, 2013",288,250,1.2,14.76,0,0,0.00,0,0,0.00,0,0,0.00,1,3,0,0,0,0.00,0,0,0.00,0,1,1,0,0,0,0,0,0,0,0,0,0,0,0,5
Tabellen von Webseiten kopieren,OqgfZviKnrw,5.53,"Jun 26, 2013",287,170,1.7,30.49,0,0,0.00,0,0,0.00,0,0,0.00,0,0,0,0,0,0.00,0,0,0.00,0,0,0,0,1,1,0,0,0,0,0,0,0,0,0,5
Taskwarrior - Reports,T9zT7zqu3pg,3.58,"Jul 22, 2013",285,315,0.9,25.27,0,0,0.00,0,0,0.00,0,0,0.00,1,3,0,0,0,0.00,0,0,0.00,0,1,1,0,0,0,0,1,0,1,1,0,0,0,0,5
LibreOffice - Makro ausführen,0zJs10eKgb4,2.22,"Feb 22, 2014",285,236,1.2,54.48,0,0,0.00,0,0,0.00,0,0,0.00,0,0,0,0,0,0.00,0,0,0.00,0,0,0,0,0,0,0,0,0,1,2,1,0,0,0,5
OpenStreetMap ab sofort mit Routenplaner,4R3G2dKxl5w,3.53,"Feb 18, 2015",275,207,1.3,37.65,0,0,0.00,0,0,0.00,0,0,0.00,0,0,0,0,0,0.00,0,0,0.00,0,0,0,0,0,0,0,0,0,7,7,0,0,0,0,5
Python-Programmierung - if-Anweisung,nOU2ccm5ISA,7.45,"Apr 17, 2011",275,106,2.6,34.83,0,0,0.00,0,0,0.00,0,0,0.00,0,0,0,0,0,0.00,0,0,0.00,0,0,0,0,0,0,0,0,0,0,0,0,0,0,0,5
Fedora 22 Beta Workstation - Demo,H-vRMrdTYb0,6.52,"Apr 23, 2015",272,263,1.0,15.88,0,0,0.00,0,0,0.00,0,0,0.00,1,3,0,0,0,0.00,0,0,0.00,0,0,0,0,0,0,0,1,0,-1,0,1,0,0,0,5
"LibreOffice - Writer - Ausschneiden, Kopieren und Einfügen von Text",jMbsHEYQrKg,3.83,"Mar 07, 2012",270,258,1.0,27.28,0,0,0.00,0,0,0.00,0,0,0.00,0,0,0,0,0,0.00,0,0,0.00,0,0,0,0,0,0,0,0,0,0,0,0,0,0,0,4
lighttpd - PHP - CGI,FkV-GNt8f5I,6.15,"Oct 18, 2012",270,188,1.4,23.31,0,0,0.00,0,0,0.00,0,0,0.00,0,0,0,0,0,0.00,0,0,0.00,0,0,0,0,0,0,0,0,0,1,2,1,1,1,0,4
Privacy Badger - die Datenschutz-Erweiterung für Firefox,WuYDbB6Mr3A,3.05,"May 04, 2014",267,233,1.1,37.57,0,0,0.00,0,0,0.00,0,0,0.00,0,1,0,0,0,0.00,0,0,0.00,0,1,1,0,0,0,0,0,0,0,0,0,0,0,0,4
Python-Programmierung - subprocess - Pipes verwenden,qfS_prhpsUc,4.85,"Jan 12, 2014",265,218,1.2,25.10,0,0,0.00,0,0,0.00,0,0,0.00,1,2,0,2,162,1.23,12,162,7.41,162,1,1,0,0,0,0,0,0,1,1,0,0,0,0,4
bottle - Simple Template,hznh93921yc,5.52,"Jun 08, 2012",265,185,1.4,25.92,0,0,0.00,0,0,0.00,0,0,0.00,0,0,0,0,0,0.00,0,0,0.00,0,0,0,0,0,0,0,0,0,0,0,0,0,0,0,4
Python-Programmierung - Modul random - Zufallszahlen generieren,bkgJMBuHLkA,5.08,"Oct 26, 2013",264,188,1.4,27.66,0,0,0.00,0,0,0.00,0,0,0.00,0,0,0,0,0,0.00,0,0,0.00,0,0,0,0,0,0,0,0,0,0,0,0,0,0,0,4
Linux - Spurenarm Surfen - JonDoFox,22_0jyj_K-o,5.72,"Apr 11, 2014",264,175,1.5,26.37,0,0,0.00,0,0,0.00,0,0,0.00,0,0,0,0,0,0.00,0,0,0.00,0,1,1,0,0,0,0,0,0,0,0,0,0,0,0,4
Python-Programmierung - Klassen in Python - Vererbung,n5goVmi98bw,5.27,"Apr 08, 2012",258,105,2.5,46.59,0,0,0.00,0,0,0.00,0,0,0.00,0,0,0,0,0,0.00,0,0,0.00,0,1,1,0,0,0,0,0,0,0,0,0,0,0,0,4
Linux - wmctrl - Fenster per Kommando steuern,C8dgLEVpDgY,6.37,"Sep 01, 2013",253,103,2.5,38.65,0,0,0.00,0,0,0.00,0,0,0.00,1,2,0,0,0,0.00,0,0,0.00,0,1,1,0,0,0,0,1,0,0,0,0,1,1,0,4
Raspberry Pi - pidora installieren,pNB5p138-S8,4.77,"Oct 08, 2013",253,227,1.1,23.42,0,0,0.00,0,0,0.00,0,0,0.00,0,1,0,0,0,0.00,0,0,0.00,0,0,0,0,0,0,0,0,0,0,0,0,0,0,0,4
Linux - youtube-Download - youtube-Videos herunterladen,C3oKpIHoA6Y,5.23,"Sep 17, 2012",249,123,2.0,38.64,0,0,0.00,0,0,0.00,0,0,0.00,0,0,0,0,0,0.00,0,0,0.00,0,0,0,0,0,0,0,0,0,0,0,0,0,0,0,4
AngularJS - Hallo Welt - Teil 2,oUZuyXYcoLQ,5.72,"May 25, 2014",248,93,2.7,46.65,1,4,25.00,2,107,1.87,0,0,0.00,0,0,0,0,145,0.00,22,145,15.17,145,0,0,0,0,0,0,0,0,0,0,0,0,0,0,4
LibreOffice - Writer - AutoKorrektur,WoA4U6fxxXc,4.08,"May 25, 2012",245,202,1.2,29.73,0,0,0.00,0,0,0.00,0,0,0.00,0,0,0,0,0,0.00,0,0,0.00,0,0,0,0,0,0,0,0,0,0,0,0,0,0,0,4
redis - Installation,nEMfyC5Zk_I,7.87,"Sep 15, 2012",243,192,1.3,16.11,0,0,0.00,0,0,0.00,0,0,0.00,0,0,0,0,0,0.00,0,0,0.00,0,1,1,0,0,0,0,0,0,0,0,0,0,0,0,4
Python-Programmierung - Zeichenketten näher betrachtet,ZVK8SF2DVHE,5.58,"Sep 04, 2013",238,92,2.6,46.25,0,0,0.00,0,0,0.00,0,0,0.00,0,0,0,0,0,0.00,0,0,0.00,0,0,0,0,0,0,0,0,0,0,0,0,0,0,0,4
budgie-remix 16.10 (Budgie desktop) - Demo (Ubuntu-based),Rvq3UQiiHG0,6.38,"Oct 17, 2016",236,204,1.2,18.10,0,0,0.00,0,0,0.00,0,0,0.00,1,2,0,0,0,0.00,0,0,0.00,0,0,0,0,0,0,0,0,0,3,5,2,0,0,0,4
Semplice Linux 7 - Demo,IIVSK_XjOXY,5.33,"Apr 10, 2015",235,224,1.1,19.71,0,0,0.00,0,0,0.00,0,0,0.00,0,0,0,0,0,0.00,0,0,0.00,0,2,2,0,0,0,0,0,0,0,0,0,0,0,0,4
LibreOffice - schnelles Ausführen eines Makros,rORJu-ZfPjE,4.03,"Mar 08, 2014",235,109,2.2,53.44,0,0,0.00,0,0,0.00,0,0,0.00,0,0,0,0,0,0.00,0,0,0.00,0,0,0,0,0,0,0,0,0,1,2,1,0,0,0,4
AngularJS - Listen,QvQuB0PfrBA,7.02,"Feb 20, 2015",235,67,3.5,49.91,1,4,25.00,3,83,3.61,0,0,0.00,0,0,0,0,0,0.00,0,0,0.00,0,1,1,0,0,0,0,0,0,0,0,0,0,0,0,4
Linux - encfs - Verzeichnis verschlüsseln,AkL2fd-Ec90,8.52,"Dec 14, 2011",232,109,2.1,24.96,0,0,0.00,0,0,0.00,0,0,0.00,0,0,0,0,0,0.00,0,0,0.00,0,2,2,0,0,0,0,0,0,1,1,0,0,0,0,4
Firefox OS,KyvNlb1MOlk,2.88,"Jul 25, 2013",230,444,0.5,18.00,0,0,0.00,0,0,0.00,0,0,0.00,0,0,0,0,0,0.00,0,0,0.00,0,2,2,0,0,0,0,0,0,0,0,0,0,0,0,4
Linux - numlockx - Ziffernblock mittels Befehl aktivieren/deaktivieren, --UlP2332Rs,2.35,"Feb 18, 2014",230,192,1.2,50.95,0,0,0.00,0,0,0.00,0,0,0.00,0,0,0,0,0,0.00,0,0,0.00,0,1,1,0,0,0,0,1,0,1,1,0,0,0,0,4
Python-Programmierung - subprocess - die Klasse Popen,4j80Yyrb-V0,3.30,"Dec 09, 2013",223,170,1.3,39.67,0,0,0.00,0,0,0.00,0,0,0.00,0,0,0,3,288,1.04,42,288,14.58,288,0,0,0,1,1,0,0,0,-1,0,1,0,0,0,4
Python-Programmierung - Funktionen,Uzb_ajpcMUo,5.23,"Sep 04, 2011",222,125,1.8,33.87,0,0,0.00,0,0,0.00,0,0,0.00,0,0,0,0,0,0.00,0,0,0.00,0,0,0,0,1,1,0,0,0,0,0,0,0,0,0,4
LibreOffice - Writer - Kommentare,hRNtkcqXI3o,3.63,"Sep 02, 2013",221,197,1.1,30.81,0,0,0.00,0,0,0.00,0,0,0.00,0,0,0,0,0,0.00,0,0,0.00,0,1,1,0,0,0,0,0,1,0,0,0,0,0,0,4
LibreOffice - Suchen und Ersetzen von Text,AjjTgYROSE0,3.57,"Oct 09, 2011",214,179,1.2,33.44,0,0,0.00,0,0,0.00,0,0,0.00,0,0,0,0,0,0.00,0,0,0.00,0,0,0,0,0,0,0,0,0,0,0,0,0,0,0,4
grml 2013.09 - Demo,Vpcif-Zy4bA,4.25,"Oct 10, 2013",213,220,1.0,22.74,0,0,0.00,0,0,0.00,0,0,0.00,1,1,0,0,0,0.00,0,0,0.00,0,0,0,0,0,0,0,0,0,0,0,0,0,0,0,4
Linux - Verschlüsselten Container erstellen (luksformat),Sw_KTl9QxB4,3.97,"Mar 01, 2014",209,115,1.8,45.87,0,0,0.00,0,0,0.00,0,0,0.00,0,0,0,2,148,1.35,6,148,4.05,148,2,2,0,0,0,0,0,1,0,1,1,0,0,0,3
Gnome3 - Theme wechseln,x3LnFCBkEi4,4.03,"Jul 26, 2011",208,124,1.7,41.49,0,0,0.00,0,0,0.00,0,0,0.00,0,0,0,0,0,0.00,0,0,0.00,0,0,0,0,0,0,0,0,0,-1,0,1,0,0,0,3
Linux - PDF-Dokumente schreiben mit Pandoc und Markdown - pandoc installieren,fOiCsUNZxuU,9.38,"Nov 01, 2013",204,101,2.0,21.53,0,0,0.00,0,0,0.00,0,0,0.00,0,0,0,0,0,0.00,0,0,0.00,0,0,0,0,0,0,0,0,0,2,3,1,0,0,0,3
Screencast short 007 - OpenOffice Writer - Text durchstreichen,CsualqZFX0I,0.87,"Jan 30, 2011",204,336,0.6,70.04,0,0,0.00,0,0,0.00,0,0,0.00,0,0,0,0,0,0.00,0,0,0.00,0,3,3,0,0,0,0,1,0,1,1,0,0,0,0,3
Debian - dpkg - Pakete installieren (Paketverwaltung .deb),hi5JgrQlCWw,3.68,"Dec 12, 2013",204,136,1.5,40.71,0,0,0.00,0,0,0.00,0,0,0.00,0,0,0,1,121,0.83,10,121,8.26,121,1,1,0,0,0,0,0,0,0,1,1,0,0,0,3
Gnome 3.6 - ENTF-Taste aktivieren (zum Löschen von Dateien),5BiiOX7vOSg,2.47,"Jan 30, 2013",204,187,1.1,44.14,0,0,0.00,0,0,0.00,0,0,0.00,0,0,0,0,0,0.00,0,0,0.00,0,0,0,0,1,1,0,0,0,0,0,0,0,0,0,3
Daten verstecken - steghide (Steganografie),zepWrvtPgHA,7.08,"Jul 23, 2013",202,86,2.3,33.14,0,0,0.00,0,0,0.00,0,0,0.00,0,0,0,0,0,0.00,0,0,0.00,0,0,0,0,0,0,0,0,0,1,1,0,0,0,0,3
AV Linux 6.0.2 - Demo,iNjChme_3s0,7.82,"Jan 06, 2014",201,136,1.5,18.94,0,0,0.00,0,0,0.00,0,0,0.00,2,2,0,0,0,0.00,0,0,0.00,0,0,0,0,0,0,0,0,0,1,1,0,0,0,0,3
LibreOffice - Dokument automatisch speichern,2tfzxgQ3EE0,1.80,"Aug 10, 2011",201,199,1.0,56.16,0,0,0.00,0,0,0.00,0,0,0.00,0,0,0,0,0,0.00,0,0,0.00,0,1,1,0,0,0,0,0,0,0,0,0,0,0,0,3
Python-Programmierung - Unicode,ZU-lN-SR4Y0,3.40,"Mar 27, 2011",201,125,1.6,47.29,0,0,0.00,0,0,0.00,0,0,0.00,0,0,0,0,0,0.00,0,0,0.00,0,0,0,0,0,0,0,0,0,0,0,0,0,0,0,3
CouchDB - Installation,fJpN4v3ip9Y,3.63,"Apr 04, 2012",195,160,1.2,33.52,0,0,0.00,0,0,0.00,0,0,0.00,0,1,0,0,0,0.00,0,0,0.00,0,0,0,0,0,0,0,0,0,0,0,0,0,0,0,3
LibreOffice - Was ist Makro ?,qQErf8pu3Ms,2.22,"Feb 20, 2014",191,188,1.0,45.80,0,0,0.00,0,0,0.00,0,0,0.00,0,0,0,0,0,0.00,0,0,0.00,0,0,0,0,0,0,0,0,0,0,1,1,0,0,0,3
Bottle - Ein WSGI-Microframework für Python,7YgdIgEjGBg,10.65,"Jun 04, 2012",189,63,3.0,28.22,0,0,0.00,0,0,0.00,0,0,0.00,0,0,0,0,0,0.00,0,0,0.00,0,0,0,0,0,0,0,0,0,0,0,0,0,0,0,3
Crontab-Generator hilft beim Erstellen von Cronjobs,3glAwwRhgQk,2.83,"May 21, 2014",186,136,1.4,48.19,0,0,0.00,0,0,0.00,0,0,0.00,0,0,0,0,0,0.00,0,0,0.00,0,0,0,0,0,0,0,0,0,0,0,0,0,0,0,3
Ubuntu Touch Emulator installieren,RO9MT1yzbSA,6.20,"Mar 10, 2014",185,67,2.8,44.64,0,0,0.00,0,0,0.00,0,0,0.00,0,0,0,0,0,0.00,0,0,0.00,0,1,1,0,0,0,0,0,0,0,0,0,0,0,0,3
Python-Programmierung - Listen,Z-folPNH6ro,3.78,"Jun 14, 2011",184,89,2.1,54.54,0,0,0.00,0,0,0.00,0,0,0.00,0,0,0,0,0,0.00,0,0,0.00,0,1,1,0,0,0,0,0,0,0,0,0,0,0,0,3
LibreOffice - Writer - Seiten nummerieren,AkjFQ1NPv2g,2.15,"Oct 19, 2012",179,125,1.4,66.79,0,0,0.00,0,0,0.00,0,0,0.00,0,0,0,0,0,0.00,0,0,0.00,0,0,0,0,0,0,0,0,0,0,0,0,0,0,0,3
Linux - Kostenloser Linux-Desktop in der Cloud: LabxNow,dZKfFs3qoR4,5.50,"Sep 26, 2015",179,108,1.7,30.06,0,0,0.00,0,15,0.00,0,0,0.00,0,0,0,0,0,0.00,2,57,3.51,57,4,5,1,0,0,0,0,0,0,0,0,1,1,0,3
GNOME 3.12 - Demo,38KutCbrNsc,12.12,"Mar 27, 2014",178,134,1.3,10.96,0,0,0.00,0,0,0.00,0,0,0.00,2,3,0,0,0,0.00,0,0,0.00,0,1,1,0,0,0,0,0,1,0,0,0,0,0,0,3
Präsentationen mit HTML und reveal.js - Installation und Grundgerüst,b78FOC85R6I,3.50,"Mar 25, 2014",178,120,1.5,42.28,0,0,0.00,0,0,0.00,0,0,0.00,0,0,0,0,0,0.00,0,0,0.00,0,1,1,0,0,0,0,0,0,2,2,0,0,0,0,3
LibreOffice - Calc - Sortieren von Zellen,b78o2PkBjus,5.87,"Sep 17, 2015",176,90,2.0,33.35,0,0,0.00,0,16,0.00,0,0,0.00,0,0,0,0,0,0.00,0,0,0.00,0,1,1,0,0,0,0,0,0,1,2,1,0,0,0,3
Linux - Verschlüsselten Container erstellen für Genießer,v_ZA0zETUPM,7.52,"Mar 05, 2014",175,79,2.2,29.41,0,0,0.00,0,0,0.00,0,0,0.00,0,0,0,1,114,0.88,12,114,10.53,114,0,0,0,0,0,0,0,0,1,1,0,0,0,0,3
Linux - das /proc-Dateisystem,xPR_eKkDoLo,4.70,"Nov 07, 2013",174,105,1.7,35.17,0,0,0.00,0,0,0.00,0,0,0.00,0,0,0,0,0,0.00,0,0,0.00,0,1,1,0,0,0,0,0,0,0,1,1,0,0,0,3
Tails 0.22 - Demo (The Amnesic Incognito Live System),3NnT3cuJEK4,6.12,"Dec 22, 2013",173,153,1.1,18.45,0,0,0.00,0,0,0.00,0,0,0.00,1,2,0,0,0,0.00,0,0,0.00,0,1,1,0,0,0,0,0,0,0,0,0,0,0,0,3
Chapeau 24 - Demo,AiqEWX0yiAA,7.67,"Sep 29, 2016",171,161,1.1,13.86,0,0,0.00,0,0,0.00,0,0,0.00,0,2,0,0,0,0.00,0,0,0.00,0,2,4,2,0,0,0,0,0,2,3,1,0,0,0,3
einfache Karten (Maps) erstellen - Geo-diagramme,2c4c-KjCPJ0,3.67,"Jun 26, 2013",167,127,1.3,35.84,0,0,0.00,0,0,0.00,0,0,0.00,0,0,0,0,0,0.00,0,0,0.00,0,0,0,0,0,0,0,0,0,1,1,0,0,0,0,3
Taskwarrior - erste Schritte,fEImlb_kYYg,6.87,"Sep 23, 2012",165,112,1.5,21.51,0,0,0.00,0,0,0.00,0,0,0.00,0,0,0,0,0,0.00,0,0,0.00,0,1,1,0,0,0,0,1,0,0,0,0,0,0,0,3
Linux - bash - Kommandoausführung,TRR_c66bA28,7.30,"Dec 13, 2011",165,94,1.8,24.08,0,0,0.00,0,0,0.00,0,0,0.00,0,0,0,0,0,0.00,0,0,0.00,0,2,2,0,0,0,0,0,0,0,0,0,0,0,0,3
Linux - SSHFS,bgd6iToEDy8,5.17,"Dec 14, 2011",165,135,1.2,23.66,0,0,0.00,0,0,0.00,0,0,0.00,0,1,0,0,0,0.00,0,0,0.00,0,2,2,0,0,0,0,0,1,0,0,0,0,0,0,3
Screencast short 011 - OpenOffice Writer - Text zentrieren,D2p7cItGUNA,0.72,"Jan 30, 2011",165,359,0.5,64.14,0,0,0.00,0,0,0.00,0,0,0.00,0,0,0,0,0,0.00,0,0,0.00,0,0,0,0,1,1,0,0,0,0,0,0,0,0,0,3
Webcambilder mit Python und OpenCV am Bildschirm anzeigen,pKIzCEzUxw0,4.42,"Jul 27, 2011",165,88,1.9,42.46,0,0,0.00,0,0,0.00,0,0,0.00,0,0,0,0,0,0.00,0,0,0.00,0,0,0,0,0,0,0,0,0,0,0,0,0,0,0,3
Präsentationen mit Markdown und remark.js,klnPM15jqg4,3.40,"Mar 25, 2015",164,151,1.1,31.85,0,0,0.00,0,75,0.00,0,0,0.00,1,2,0,0,0,0.00,0,0,0.00,0,0,0,0,0,0,0,0,0,0,1,1,0,0,0,3
sed - Erste Schritte mit regulären Ausdrücken,_JqALpNvDoY,7.58,"Jun 20, 2013",163,52,3.1,41.38,0,0,0.00,0,0,0.00,0,0,0.00,0,0,0,0,22,0.00,1,42,2.38,42,0,0,0,0,0,0,0,0,0,0,0,0,0,0,3
openSUSE 13.1 RC2 - Demo,B3M19e7PuRk,9.07,"Nov 03, 2013",163,112,1.5,16.03,0,0,0.00,0,0,0.00,0,0,0.00,0,0,0,0,0,0.00,0,0,0.00,0,0,0,0,0,0,0,0,0,0,0,0,0,0,0,3
Python-Programmierung - subprocess - communicate,LfoqdHS8LKI,2.90,"Dec 20, 2013",162,190,0.9,29.42,0,0,0.00,0,0,0.00,0,0,0.00,4,3,0,6,498,1.20,44,498,8.84,498,0,0,0,0,0,0,0,0,0,0,0,1,1,0,3
Farbcode ermitteln,vITT9Ef0g50,3.28,"Jun 25, 2012",161,180,0.9,27.26,0,0,0.00,0,0,0.00,0,0,0.00,0,0,0,0,0,0.00,0,0,0.00,0,1,1,0,0,0,0,0,0,2,3,1,0,0,0,3
AngularJS - Schleifen (ng-repeat),V_FMev-Ab_A,4.97,"Mar 27, 2015",161,65,2.5,49.77,1,2,50.00,1,80,1.25,0,0,0.00,0,0,0,0,0,0.00,0,0,0.00,0,0,0,0,0,0,0,0,0,0,0,0,0,0,0,3
Python-Programmierung - Richtig einrücken,m2UDI5Fy6qw,2.87,"Sep 04, 2013",160,104,1.5,53.66,0,0,0.00,0,0,0.00,0,0,0.00,0,0,0,0,0,0.00,0,0,0.00,0,1,1,0,0,0,0,0,0,0,0,0,0,0,0,3
CouchDB - Dokumente mit Inhalt füllen,UAuPOeSoe2o,5.55,"Jul 01, 2012",160,37,4.3,77.84,0,0,0.00,0,0,0.00,0,0,0.00,0,0,0,0,0,0.00,0,0,0.00,0,0,0,0,0,0,0,0,0,0,0,0,0,0,0,3
CouchDB - Dokumente erstellen und löschen,ObxvHMSbH_o,5.47,"Jun 30, 2012",158,35,4.5,82.82,0,0,0.00,0,0,0.00,0,0,0.00,0,0,0,0,0,0.00,0,0,0.00,0,0,0,0,0,0,0,0,0,0,0,0,0,0,0,3
Linux - Gnome3 - GPaste (Zwischenablage installieren),rUoGh-WaW7g,4.90,"Nov 16, 2013",156,117,1.3,27.17,0,0,0.00,0,0,0.00,0,0,0.00,0,1,0,0,0,0.00,0,0,0.00,0,0,0,0,0,0,0,0,0,2,2,0,0,0,0,3
Git für Einsteiger - den ersten Commit vorbereiten,ueOST3eeT8A,5.82,"Feb 12, 2015",156,46,3.4,58.18,0,0,0.00,0,0,0.00,0,0,0.00,0,0,0,12,66,18.18,3,66,4.55,66,1,1,0,0,0,0,0,0,0,0,0,0,0,0,3
GIMP - Sitzung zurücksetzen,sVbCvjR1XV4,3.82,"Feb 16, 2014",155,134,1.2,30.27,0,0,0.00,0,0,0.00,0,0,0.00,0,0,0,0,0,0.00,0,0,0.00,0,0,0,0,0,0,0,0,0,0,1,1,0,0,0,3
Linux - Bildschirm mit einem Klick ausschalten,qk-fgVhTphI,2.60,"Apr 11, 2014",154,134,1.1,44.13,0,0,0.00,0,0,0.00,0,0,0.00,0,0,0,0,0,0.00,0,0,0.00,0,1,1,0,0,0,0,0,1,0,0,0,0,0,0,3
ImageMagick - Bilder mit Text erstellen,Elgy5zfAf9Y,3.40,"Aug 27, 2013",152,120,1.3,37.16,0,0,0.00,0,0,0.00,0,0,0.00,0,0,0,0,0,0.00,0,0,0.00,0,1,1,0,1,1,0,0,0,0,0,0,0,0,0,3
Python-Programmierung - Operatoren,jgSZusvkBao,4.82,"Apr 10, 2011",151,65,2.3,48.10,0,0,0.00,0,0,0.00,0,0,0.00,0,0,0,0,0,0.00,0,0,0.00,0,0,0,0,0,0,0,0,0,0,0,0,0,0,0,3
CouchDB - eine Datei an ein Dokument hängen,0Oqdwi_vdBw,5.10,"Sep 25, 2012",145,32,4.5,88.91,0,0,0.00,0,0,0.00,0,0,0.00,0,0,0,0,0,0.00,0,0,0.00,0,0,0,0,0,0,0,0,0,0,0,0,0,0,0,2
Linux - Benutzer benachrichtigen - die Datei /etc/issue,LqJs8NR-sjM,5.97,"Nov 23, 2013",144,82,1.8,29.53,0,0,0.00,0,0,0.00,0,0,0.00,0,0,0,0,0,0.00,0,0,0.00,0,0,0,0,0,0,0,0,0,0,0,0,1,1,0,2
Python-Programmierung - Quelltextanalyse mit pylint,lD8nNJf73lA,3.22,"Feb 13, 2015",144,159,0.9,28.11,0,0,0.00,0,0,0.00,0,0,0.00,0,1,0,0,0,0.00,0,0,0.00,0,0,0,0,0,0,0,0,0,1,2,1,1,1,0,2
LibreOffice - Calc - Umgang mit einer CSV-Datei,MZDeox4BSOk,5.00,"Aug 06, 2013",142,73,1.9,38.85,0,0,0.00,0,0,0.00,0,0,0.00,0,0,0,0,0,0.00,0,0,0.00,0,0,0,0,0,0,0,0,0,2,3,1,0,0,0,2
Firefox OS 2.0 und Firefox OS 1.5 im Vergleich (per Simulator) - Demo,dp_rGiGY59A,9.93,"May 22, 2014",141,51,2.8,27.82,0,0,0.00,0,0,0.00,0,0,0.00,0,0,0,0,0,0.00,0,0,0.00,0,0,0,0,0,0,0,0,0,0,0,0,0,0,0,2
Linux - linux-dash (Web-Dashboard für Linux-Systeme),3gb3z-a7XfA,3.77,"Mar 06, 2014",139,164,0.8,22.54,0,0,0.00,0,0,0.00,0,0,0.00,0,1,0,0,0,0.00,0,0,0.00,0,0,0,0,0,0,0,0,0,1,1,0,0,0,0,2
"LibreOffice Makro - Erweiterungen (Extensions), BundesGit für LibreOffice", -dvPH6Nh0KU,6.40,"Apr 10, 2014",138,64,2.2,33.75,0,0,0.00,0,0,0.00,0,0,0.00,0,0,0,0,0,0.00,0,0,0.00,0,0,0,0,0,0,0,0,0,1,1,0,0,0,0,2
AngularJS - Ereignisdirektiven (Event: ng-click),qrRlIl1E6xw,3.90,"Jul 31, 2015",137,68,2.0,51.59,1,2,50.00,2,62,3.23,0,0,0.00,0,0,0,0,0,0.00,1,36,2.78,36,0,0,0,0,0,0,0,0,0,0,0,0,0,0,2
Gnome 3.18 - Builder - Demo,ENjAe0k3Jyg,4.32,"Sep 26, 2015",135,165,0.8,19.01,0,0,0.00,0,0,0.00,0,0,0.00,0,0,0,0,0,0.00,0,0,0.00,0,0,0,0,0,0,0,0,0,0,0,0,0,0,0,2
Python-Programmierung - Listen (Teil 2),CSkrKxMOv10,4.93,"Jun 19, 2011",135,52,2.6,52.55,0,0,0.00,0,0,0.00,0,0,0.00,0,0,0,0,0,0.00,0,0,0.00,0,0,0,0,0,0,0,0,0,0,0,0,0,0,0,2
popcorn.js - Hallo Welt,fF9IttGIULg,3.90,"Apr 07, 2012",135,170,0.8,20.33,0,0,0.00,0,0,0.00,0,0,0.00,0,0,0,0,0,0.00,0,0,0.00,0,0,0,0,0,0,0,2,0,0,1,1,1,1,0,2
Manjaro Linux 0.8.8 Openbox - Demo,WYhyqtvlB9k,5.78,"Nov 27, 2013",132,134,1.0,17.06,0,0,0.00,0,0,0.00,0,0,0.00,3,3,0,0,0,0.00,0,0,0.00,0,0,0,0,0,0,0,0,0,0,0,0,0,0,0,2
Processing installieren und starten,OF4nZfgfdiE,4.63,"Sep 20, 2015",132,64,2.1,44.36,0,0,0.00,0,0,0.00,0,0,0.00,0,0,0,0,0,0.00,0,0,0.00,0,0,0,0,0,0,0,0,0,-1,0,1,0,0,0,2
Xubuntu 13.10 - Demo,1fHuNYHqv-Y,4.28,"Oct 19, 2013",131,110,1.2,27.89,0,0,0.00,0,0,0.00,0,0,0.00,6,2,0,0,0,0.00,0,0,0.00,0,0,0,0,0,0,0,0,0,0,0,0,0,0,0,2
ffmpeg - Videogrösse ändern,GwbPmKXlcco,4.05,"Apr 25, 2012",131,91,1.4,35.64,0,0,0.00,0,0,0.00,0,0,0.00,0,0,0,0,0,0.00,0,0,0.00,0,0,1,1,0,0,0,0,0,0,0,0,0,0,0,2
WebODF - ODF-Dokumente in Webseiten einbinden (.odt-Datei mittels Browser anschauen),43SaD9bCZww,3.25,"Dec 18, 2013",130,80,1.6,49.82,0,0,0.00,0,0,0.00,0,0,0.00,0,0,0,0,0,0.00,0,0,0.00,0,1,1,0,0,0,0,0,0,-1,0,1,0,0,0,2
popcorn.js - Untertitel (subtitle),OjLXMClFyl8,4.87,"Apr 09, 2012",129,110,1.2,24.11,0,0,0.00,0,0,0.00,0,0,0.00,3,2,0,0,0,0.00,0,0,0.00,0,2,2,0,0,0,0,1,0,0,0,0,0,0,0,2
Suchmaschine DuckDuckGo mit Bildersuche, -uSVv9AfB1E,2.68,"May 08, 2014",127,112,1.1,42.14,0,0,0.00,0,0,0.00,0,0,0.00,0,0,0,0,0,0.00,0,0,0.00,0,0,0,0,0,0,0,0,0,0,0,0,0,0,0,2
Fedora 23 Alpha (Workstation) - Demo,drmZqz3xtyQ,5.12,"Aug 13, 2015",127,141,0.9,17.55,0,0,0.00,0,95,0.00,0,0,0.00,0,1,0,0,0,0.00,0,0,0.00,0,0,0,0,0,0,0,0,0,0,0,0,0,0,0,2
Seiten aus einem PDF-Dokument herausschneiden - pdftk und pdfseparate,XBodSK_0Vng,5.00,"Feb 28, 2012",127,132,1.0,19.17,0,0,0.00,0,0,0.00,0,0,0.00,0,0,0,0,0,0.00,0,0,0.00,0,0,0,0,0,0,0,0,0,0,0,0,0,0,0,2
Linux - Webbrowsing in der Konsole mit links2,3T0rQReakUI,2.30,"Feb 26, 2015",124,121,1.0,44.51,0,0,0.00,0,0,0.00,0,0,0.00,1,1,0,0,0,0.00,0,0,0.00,0,2,2,0,0,0,0,0,0,0,0,0,0,0,0,2
CouchDB - Futon - Dokumente erstellen und löschen,qRr7tzRdZ40,3.48,"Jun 30, 2012",122,41,3.0,85.52,0,0,0.00,0,0,0.00,0,0,0.00,0,0,0,0,0,0.00,0,0,0.00,0,0,0,0,0,0,0,0,0,0,0,0,0,0,0,2
d3 - Einleitung (ein Balkendiagramm erstellen),Z4Vr0wkWEAM,5.90,"Aug 09, 2015",122,60,2.0,34.41,0,0,0.00,0,17,0.00,0,0,0.00,0,0,0,0,0,0.00,0,26,0.00,26,0,0,0,0,0,0,0,0,0,0,0,0,0,0,2
Crashkurs LibreOffice Calc für Datenjournalismus - Calc-Funktionen,ozsp4f4X8ls,4.87,"Jun 21, 2013",121,53,2.3,46.97,0,0,0.00,0,0,0.00,0,0,0.00,0,0,0,2,15,13.33,0,15,0.00,15,1,1,0,0,0,0,0,0,1,2,1,0,0,0,2
Linux - Tor Browser Bundle installieren - anonym surfen,bOdkJo8U3II,3.65,"Mar 21, 2014",121,67,1.8,49.31,0,0,0.00,0,0,0.00,0,0,0.00,0,0,0,0,0,0.00,0,0,0.00,0,0,0,0,0,0,0,0,0,0,0,0,0,0,0,2
LibreOffice - Calc - Spalten und Zeilen löschen,UO2KWqwlkCk,2.88,"Dec 11, 2013",120,115,1.0,36.12,0,0,0.00,0,0,0.00,0,0,0.00,0,0,0,0,0,0.00,0,0,0.00,0,0,0,0,1,1,0,0,0,1,3,2,0,0,0,2
Vivaldi Browser - Demo,hb1dSzT5EnA,10.72,"Feb 18, 2015",120,123,1.0,9.07,0,0,0.00,0,0,0.00,0,0,0.00,0,2,0,0,0,0.00,0,0,0.00,0,0,0,0,0,0,0,0,0,0,0,0,0,0,0,2
Sonic Pi - Musik und Programmierung (Raspberry Pi),PzKs31SjVQ0,4.27,"Jun 03, 2015",119,101,1.2,27.68,0,0,0.00,0,0,0.00,0,0,0.00,0,0,0,0,0,0.00,0,0,0.00,0,0,0,0,0,0,0,1,0,0,0,0,0,0,0,2
Python-Programmierung - Reguläre Ausdrücke - Suchen Teilen Ersetzen,itW9m5lQ8iU,3.52,"Apr 07, 2013",118,77,1.5,43.45,0,0,0.00,0,0,0.00,0,0,0.00,0,0,0,0,0,0.00,0,0,0.00,0,0,0,0,0,0,0,0,0,1,1,0,0,0,0,2
"Suchen und Finden mit Ack, statt grep",wJc1izhskT8,6.25,"Apr 30, 2014",117,52,2.3,36.11,0,0,0.00,0,0,0.00,0,0,0.00,0,0,0,0,0,0.00,0,0,0.00,0,0,0,0,1,1,0,0,0,1,2,1,0,0,0,2
Anwendungen in einer Sandbox starten,RPsfcTRRJBU,3.55,"Aug 17, 2011",116,105,1.1,31.10,0,0,0.00,0,0,0.00,0,0,0.00,0,0,0,0,0,0.00,0,0,0.00,0,1,1,0,1,1,0,0,0,2,2,0,0,0,0,2
R - RStudio installieren und starten,vCuMhy_Qb-w,3.23,"Feb 06, 2015",115,73,1.6,48.88,1,2,50.00,1,86,1.16,0,0,0.00,0,0,0,0,0,0.00,0,0,0.00,0,0,0,0,0,0,0,0,0,0,0,0,0,0,0,2
LibreOffice - Makros importieren,HlSjsu_BSBo,4.35,"Mar 22, 2014",115,68,1.7,38.88,0,0,0.00,0,0,0.00,0,0,0.00,0,0,0,0,0,0.00,0,0,0.00,0,0,0,0,0,0,0,0,0,0,0,0,0,0,0,2
Python-Programmierung - Modul webbrowser,bKYgXPr3BnA,2.43,"Feb 23, 2015",114,118,1.0,39.83,0,0,0.00,0,0,0.00,0,0,0.00,0,0,0,0,0,0.00,0,0,0.00,0,0,0,0,0,0,0,0,0,1,1,0,0,0,0,2
Linux - Packen und Entpacken - Archivmanager,VlK6OcLXICI,6.08,"Dec 13, 2011",113,62,1.8,30.05,0,0,0.00,0,0,0.00,0,0,0.00,0,0,0,0,0,0.00,0,0,0.00,0,0,0,0,0,0,0,0,0,0,0,0,0,0,0,2
Python-Programmierung - subprocess - einfache Ausgaben verarbeiten,zZFg6-zTEYw,3.88,"Nov 17, 2013",113,62,1.8,46.74,0,0,0.00,0,0,0.00,0,0,0.00,0,0,0,0,0,0.00,0,0,0.00,0,1,1,0,0,0,0,0,0,0,1,1,0,0,0,2
Python-Programmierung - docopt - Installation,iJd3g_TNQjs,5.88,"Jun 16, 2013",112,117,1.0,16.29,0,0,0.00,0,0,0.00,0,0,0.00,0,1,0,0,0,0.00,0,0,0.00,0,0,0,0,0,0,0,0,0,0,0,0,0,0,0,2
LibreOffice - Calc - Inhalte in mehrere Tabellen eintragen,JnNxtbMG-T4,2.05,"Apr 29, 2014",111,108,1.0,50.31,0,0,0.00,0,0,0.00,0,0,0.00,0,0,0,0,0,0.00,0,0,0.00,0,0,0,0,0,0,0,0,0,1,2,1,0,0,0,2
Python-Programmierung - Alles ist eine Klasse,j8WsDBS32SY,6.13,"Apr 24, 2012",110,55,2.0,32.74,0,0,0.00,0,0,0.00,0,0,0.00,0,0,0,0,0,0.00,0,0,0.00,0,0,0,0,0,0,0,0,0,0,0,0,0,0,0,2
Linux - DM-Crypt - Vorbereitung,HsPEjSSgsgM,3.80,"Oct 12, 2013",110,85,1.3,33.99,0,0,0.00,0,0,0.00,0,0,0.00,0,0,0,0,0,0.00,0,0,0.00,0,0,0,0,0,0,0,0,0,0,0,0,0,0,0,2
Ubuntu Touch - Kalender-App,TwUGk8lEQQ0,3.83,"Mar 13, 2014",110,79,1.4,36.20,0,0,0.00,0,0,0.00,0,0,0.00,0,0,0,0,0,0.00,0,0,0.00,0,0,0,0,0,0,0,0,0,0,0,0,0,0,0,2
ImageMagick - Bilder mit Text erstellen - Teil 2,wFu-f4LwUtQ,5.33,"Apr 17, 2014",108,105,1.0,19.36,0,0,0.00,0,0,0.00,0,0,0.00,1,2,0,0,0,0.00,0,0,0.00,0,1,1,0,0,0,0,0,0,0,0,0,0,0,0,2
Screencast 058 - OpenOffice.org - Writer - Navigator verwenden,Lb7UILavLYg,3.87,"Jan 27, 2011",108,69,1.6,40.40,0,0,0.00,0,0,0.00,0,0,0.00,0,0,0,0,0,0.00,0,0,0.00,0,0,0,0,0,0,0,0,0,0,0,0,0,0,0,2
"Raspberry Pi - Coder starten (HTML, CSS, Javascript ganz einfach lernen)",uGbVr6O08cw,8.15,"Oct 15, 2013",107,94,1.1,14.01,0,0,0.00,0,0,0.00,0,0,0.00,0,0,0,0,0,0.00,0,0,0.00,0,0,0,0,0,0,0,0,0,1,1,0,0,0,0,2
Linux - Festplattengeschwindigkeit mit hdparm vermessen,7mDPnr-IDvE,4.48,"May 19, 2014",105,62,1.7,37.91,0,0,0.00,0,0,0.00,0,0,0.00,0,0,0,0,0,0.00,0,0,0.00,0,0,0,0,0,0,0,0,0,0,0,0,0,0,0,2
Linux - Zeit und Datum,dVnvokEx-Qs,6.52,"Dec 13, 2011",105,101,1.0,15.92,0,0,0.00,0,0,0.00,0,0,0.00,0,0,0,0,0,0.00,0,0,0.00,0,1,1,0,0,0,0,0,0,0,0,0,0,0,0,2
palava.tv testen und WebRTC ausprobieren (Demo),U5TZfi1LjDc,4.22,"Nov 04, 2013",104,62,1.7,39.94,0,0,0.00,0,0,0.00,0,0,0.00,0,0,0,0,0,0.00,0,0,0.00,0,0,0,0,0,0,0,0,0,0,0,0,0,0,0,2
reveal.js - Präsentation betrachten,DH-phIMqZ8s,4.57,"Mar 26, 2014",104,51,2.0,44.78,0,0,0.00,0,0,0.00,0,0,0.00,0,0,0,0,45,0.00,3,45,6.67,45,0,0,0,0,0,0,0,0,6,6,0,0,0,0,2
Debian - dpkg - Pakete deinstallieren (Paketverwaltung .deb),epVWDCqhU9Y,2.40,"Dec 12, 2013",104,83,1.3,52.26,0,0,0.00,0,0,0.00,0,0,0.00,0,0,0,0,127,0.00,13,127,10.24,127,0,0,0,0,0,0,0,0,1,1,0,0,0,0,2
LibreOffice - Calc - Zahlen formatieren,GGO-OBE8DXU,3.48,"Feb 11, 2015",104,91,1.1,32.70,0,0,0.00,0,0,0.00,0,0,0.00,0,0,0,0,0,0.00,0,0,0.00,0,0,0,0,0,0,0,0,0,1,2,1,0,0,0,2
LibreOffice - Calc - Zahlen und Text eingeben,f9FobgLEh5k,3.73,"Apr 17, 2014",102,77,1.3,35.58,0,0,0.00,0,0,0.00,0,0,0.00,0,0,0,0,0,0.00,0,0,0.00,0,0,0,0,1,1,0,0,0,1,2,1,0,0,0,2
Firefox OS 1.3 Simulator installieren,5k7rOEiimuI,3.18,"Mar 15, 2014",102,80,1.3,39.97,0,0,0.00,0,0,0.00,0,0,0.00,0,0,0,0,0,0.00,0,0,0.00,0,0,0,0,0,0,0,0,0,0,0,0,0,0,0,2
Git in 15 Minuten lernen,NmN2kIzG4XU,1.70,"May 09, 2014",102,128,0.8,46.65,0,0,0.00,0,0,0.00,0,0,0.00,0,0,0,0,0,0.00,0,0,0.00,0,0,0,0,0,0,0,0,0,0,0,0,0,0,0,2
dnf - die wichtigsten Kommandos (Fedora),ZG3gs28_hmk,3.90,"Jul 30, 2015",101,48,2.1,53.91,0,0,0.00,0,0,0.00,0,0,0.00,0,0,0,0,0,0.00,0,0,0.00,0,0,0,0,0,0,0,0,0,0,0,0,0,0,0,2
R - starten und beenden,18PFLVZFKGA,1.82,"Oct 06, 2013",101,130,0.8,42.66,0,0,0.00,0,0,0.00,0,0,0.00,0,0,0,0,40,0.00,1,40,2.50,40,0,0,0,0,0,0,0,0,0,0,0,0,0,0,2
easystroke - Desktop-Gesten für X11 (Gestensteuerung auf dem Desktop - Linux),B_ty42Sw1Ys,8.53,"Aug 22, 2013",101,72,1.4,16.39,0,0,0.00,0,0,0.00,0,0,0.00,0,0,0,0,0,0.00,0,0,0.00,0,0,0,0,0,0,0,0,0,0,0,0,0,0,0,2
ein Logo im Video anzeigen lassen - ffmpeg - Videofilter overlay,8Cg8fTXGrAU,5.30,"Feb 23, 2012",99,71,1.4,26.32,0,0,0.00,0,0,0.00,0,0,0.00,0,0,0,0,0,0.00,0,0,0.00,0,1,1,0,1,1,0,0,0,0,0,0,0,0,0,2
Python-Programmierung - OOP - Die Sache mit den Unterstrichen,LPTQ6ZKBkcc,5.43,"May 26, 2012",99,46,2.1,39.54,0,0,0.00,0,0,0.00,0,0,0.00,0,0,0,0,0,0.00,0,0,0.00,0,0,0,0,0,0,0,0,0,0,0,0,0,0,0,2
Linux - cheat (lernen durch Kommando-Beispiele),pMR5F8IdDGI,4.05,"Feb 22, 2014",98,69,1.4,34.96,0,0,0.00,0,0,0.00,0,0,0.00,0,0,0,0,0,0.00,0,0,0.00,0,1,1,0,0,0,0,0,0,0,0,0,0,0,0,2
Komprimieren von CSS und Javascript,ToZXRgXgiNA,3.80,"Feb 07, 2015",97,50,1.9,51.14,0,0,0.00,0,0,0.00,0,0,0.00,0,0,0,0,0,0.00,0,0,0.00,0,0,0,0,0,0,0,0,0,1,1,0,0,0,0,2
LibreOffice - Zeichen und Wörter zählen,8phrPgQg7Fc,2.13,"Mar 24, 2011",94,159,0.6,27.57,0,0,0.00,0,0,0.00,0,0,0.00,0,0,0,0,0,0.00,0,0,0.00,0,0,0,0,0,0,0,0,0,-1,0,1,0,0,0,2
Linux - key-mon und screenkey,raw0OtUej6k,4.82,"Sep 01, 2013",93,66,1.4,29.16,0,0,0.00,0,0,0.00,0,0,0.00,0,0,0,0,0,0.00,0,0,0.00,0,0,0,0,0,0,0,0,0,0,0,0,0,0,0,2
Python-Programmierung - Fehlerbehandlung,6G02c2km4C0,6.50,"Jun 03, 2012",91,34,2.7,41.20,0,0,0.00,0,0,0.00,0,0,0.00,0,0,0,0,0,0.00,0,0,0.00,0,0,0,0,0,0,0,0,0,0,0,0,0,0,0,2
wattOS R7.5 (mit pekwm) - Demo,GpnCGQ2EMkw,6.43,"Oct 10, 2013",90,74,1.2,18.92,0,0,0.00,0,0,0.00,0,0,0.00,0,0,0,0,0,0.00,0,0,0.00,0,0,0,0,0,0,0,0,0,1,1,0,0,0,0,2
Rebellin Linux Synergy 2.5 - Demo,T69olVqF-sM,6.88,"Feb 14, 2015",89,82,1.1,15.85,0,0,0.00,0,0,0.00,0,0,0.00,0,0,0,0,0,0.00,0,0,0.00,0,0,0,0,0,0,0,0,0,0,0,0,0,0,0,1
LibreOffice - die Statusleiste, -Bt-KI-nIuY,4.72,"Sep 02, 2013",89,66,1.4,28.63,0,0,0.00,0,0,0.00,0,0,0.00,0,0,0,0,0,0.00,0,0,0.00,0,0,0,0,0,0,0,0,0,0,0,0,0,0,0,1
Firefox - HTTPS Everywhere,i_d_O-GdUqQ,2.77,"Aug 07, 2011",89,100,0.9,32.13,0,0,0.00,0,0,0.00,0,0,0.00,0,0,0,0,0,0.00,0,0,0.00,0,0,0,0,0,0,0,1,0,1,1,0,0,0,0,1
OpenIndiana 2015.03 Hipster - Demo,RxNdTurXnYQ,4.28,"Apr 01, 2015",89,85,1.0,24.32,0,0,0.00,0,0,0.00,0,0,0.00,0,1,0,0,0,0.00,0,0,0.00,0,0,0,0,2,2,0,1,1,0,0,0,0,0,0,1
opus - freier Audio-Codec,fw9ZfXJzLk8,4.22,"Sep 12, 2012",88,86,1.0,24.33,0,0,0.00,0,0,0.00,0,0,0.00,0,0,0,0,0,0.00,0,0,0.00,0,0,0,0,0,0,0,0,1,1,1,0,1,1,0,1
Raspberry Pi - Coder installieren,zwZTTvnhZ-U,4.13,"Oct 15, 2013",88,60,1.5,35.29,0,0,0.00,0,0,0.00,0,0,0.00,0,0,0,0,0,0.00,0,0,0.00,0,0,0,0,0,0,0,0,0,2,3,1,0,0,0,1
Linux - bash - Umleitungen,qZ1zu0Vqw6c,6.87,"Dec 13, 2011",87,33,2.6,38.55,0,0,0.00,0,0,0.00,0,0,0.00,0,0,0,0,0,0.00,0,0,0.00,0,0,0,0,0,0,0,0,0,0,0,0,0,0,0,1
awesome - ein Tiling-Fenstermanager - Installation,g7LzSCCpUdM,5.52,"Feb 13, 2013",87,73,1.2,21.67,0,0,0.00,0,0,0.00,0,0,0.00,0,1,0,0,0,0.00,0,0,0.00,0,0,0,0,0,0,0,0,0,0,0,0,0,0,0,1
Python-Programmierung - Listen-Index,vw3-jMTAaHQ,3.52,"Jan 09, 2014",87,49,1.8,50.47,0,0,0.00,0,0,0.00,0,0,0.00,0,0,0,0,0,0.00,0,0,0.00,0,0,0,0,0,0,0,0,0,0,0,0,0,0,0,1
SteamOS Session installieren,bN2pJcs7KzY,4.05,"Jan 18, 2014",87,85,1.0,25.16,0,0,0.00,0,0,0.00,0,0,0.00,0,0,0,0,0,0.00,0,0,0.00,0,0,0,0,0,0,0,0,0,0,0,0,0,0,0,1
LibreOffice - Calc - Spalten und Zeilen einfügen,k_4ehQyuqe8,3.07,"Dec 11, 2013",86,81,1.1,34.71,0,0,0.00,0,0,0.00,0,0,0.00,0,0,0,0,0,0.00,0,0,0.00,0,0,0,0,0,0,0,0,0,1,2,1,-1,0,1,1
Python-Programmierung - Iteratoren,D2RlRZK-TmM,7.90,"Jul 03, 2012",86,21,4.1,51.85,0,0,0.00,0,0,0.00,0,0,0.00,0,0,0,0,0,0.00,0,0,0.00,0,1,1,0,0,0,0,0,0,0,0,0,0,0,0,1
LibreOffice - Calc - Ausblenden und Anzeigen von Daten,MZF7uWcwqv0,2.67,"Jul 30, 2015",86,79,1.1,40.74,0,0,0.00,0,99,0.00,0,0,0.00,0,0,0,0,0,0.00,0,0,0.00,0,0,0,0,0,0,0,0,0,1,2,1,0,0,0,1
Python-Programmierung - Slicing,PNdWWC1UECs,3.33,"Jul 16, 2011",86,44,1.9,58.30,0,0,0.00,0,0,0.00,0,0,0.00,0,0,0,0,0,0.00,0,0,0.00,0,0,0,0,0,0,0,0,0,0,0,0,0,0,0,1
Google Fusion Tables Tutorial - Beispiel WLAN-Standorte in Berlin auf Karte eintragen,RIaJlRzwqeM,10.82,"Jun 28, 2013",85,37,2.3,21.36,0,0,0.00,0,0,0.00,0,0,0.00,0,0,0,0,0,0.00,0,0,0.00,0,0,0,0,0,0,0,0,0,0,0,0,0,0,0,1
Linux - Prozesse killen,C7JU6lS7X2Y,6.62,"Dec 14, 2011",85,52,1.6,24.58,0,0,0.00,0,0,0.00,0,0,0.00,0,0,0,0,0,0.00,0,0,0.00,0,0,0,0,0,0,0,0,0,0,0,0,0,0,0,1
Linux - Istanbul und byzanz,Jj04A02_FS8,8.22,"Dec 13, 2011",84,62,1.4,16.54,0,0,0.00,0,0,0.00,0,0,0.00,0,0,0,0,0,0.00,0,0,0.00,0,0,0,0,0,0,0,0,0,0,0,0,0,0,0,1
Ubuntu - html in pdf umwandeln,o4ERMw06-ss,2.88,"Jul 15, 2011",84,64,1.3,45.43,0,0,0.00,0,0,0.00,0,0,0.00,0,0,0,0,0,0.00,0,0,0.00,0,0,0,0,0,0,0,0,0,-1,0,1,0,0,0,1
reveal.js - vertikale Navigation und Links,kSvJeXLgPls,4.48,"Apr 01, 2014",84,37,2.3,50.34,0,0,0.00,0,0,0.00,0,0,0.00,0,0,0,1,81,1.23,1,81,1.23,81,0,0,0,0,0,0,0,0,0,0,0,0,0,0,1
Python-Programmierung - Dictionaries,3qVbbh0_UoQ,5.57,"Aug 12, 2011",83,40,2.1,37.36,0,0,0.00,0,0,0.00,0,0,0.00,0,0,0,0,0,0.00,0,0,0.00,0,0,0,0,0,0,0,0,0,0,0,0,0,0,0,1
SalentOS 1.0 (Openbox) - Demo,Ac3BixOtWp0,5.67,"Oct 24, 2016",83,83,1.0,17.68,0,0,0.00,0,0,0.00,0,0,0.00,1,1,0,0,0,0.00,0,0,0.00,0,1,1,0,0,0,0,0,0,3,4,1,0,0,0,1
mehrere PDF-Dateien verbinden - pdftk und pdfunite,pjWBpoa1p5s,2.37,"Mar 14, 2012",82,82,1.0,42.38,0,0,0.00,0,0,0.00,0,0,0.00,0,0,0,0,0,0.00,0,0,0.00,0,0,0,0,0,0,0,0,0,0,0,0,0,0,0,1
Fertige virtuelle Maschinen mit zahlreichen freien OS auf VirtualBoxes.org,I-SiKUoVFYQ,3.72,"Apr 21, 2014",82,64,1.3,34.40,0,0,0.00,0,0,0.00,0,0,0.00,0,0,0,0,0,0.00,0,0,0.00,0,0,0,0,0,0,0,0,0,0,0,0,0,0,0,1
Python - Programmierung - Listen durch Slices verändern,ssSK5ubaqWo,3.72,"Jul 23, 2011",81,33,2.5,66.43,0,0,0.00,0,0,0.00,0,0,0.00,0,0,0,0,0,0.00,0,0,0.00,0,0,0,0,0,0,0,0,0,0,0,0,0,0,0,1
Linux - Android auf dem PC,Ridp-GVXs8w,5.22,"Feb 22, 2014",81,48,1.7,32.51,0,0,0.00,0,0,0.00,0,0,0.00,0,0,0,0,0,0.00,0,0,0.00,0,0,0,0,0,0,0,0,0,0,0,0,0,0,0,1
Git für Einsteiger - Der erste Commit - Teil 2,9aUbuVohqaM,4.42,"Feb 20, 2015",81,38,2.1,48.43,0,0,0.00,0,12,0.00,0,0,0.00,0,0,0,0,29,0.00,1,29,3.45,29,1,1,0,0,0,0,0,0,0,0,0,0,0,0,1
Gnome3 - Shell Extension CPU Frequency,QUpxX6tKmJ4,3.68,"Mar 02, 2012",81,86,0.9,25.66,0,0,0.00,0,0,0.00,0,0,0.00,0,0,0,0,0,0.00,0,0,0.00,0,0,0,0,0,0,0,0,0,0,0,0,0,0,0,1
LibreOffice - Einfügen von Gedankenstrichen sowie geschützten Leerzeichen und Bindestrichen,97TzgW0tpT8,2.72,"Aug 30, 2013",80,65,1.2,45.48,0,0,0.00,0,0,0.00,0,0,0.00,0,0,0,0,0,0.00,0,0,0.00,0,0,0,0,0,0,0,0,0,0,0,0,0,0,0,1
textualizer.js - Textanimationen auf der Webseite,4-ohH1sY4sw,4.82,"Mar 25, 2012",80,52,1.5,31.84,0,0,0.00,0,0,0.00,0,0,0.00,0,0,0,0,0,0.00,0,0,0.00,0,0,0,0,0,0,0,0,0,0,0,0,0,0,0,1
Python-Programmierung - weitere Listen-Methoden,Ou9EgFglk5k,3.12,"Jul 08, 2011",80,52,1.5,49.09,0,0,0.00,0,0,0.00,0,0,0.00,0,0,0,0,0,0.00,0,0,0.00,0,0,0,0,0,0,0,0,0,0,0,0,0,0,0,1
Linux - USB-Sticks als Bootmedium vorbereiten,AcmlAMFIl_8,3.23,"Sep 19, 2015",79,72,1.1,34.15,0,0,0.00,0,58,0.00,0,0,0.00,0,0,0,0,0,0.00,0,0,0.00,0,1,1,0,0,0,0,0,0,0,0,0,0,0,0,1
Gnome3 - Dash,KkDI6lP3K1Y,7.18,"Jun 10, 2011",79,40,2.0,27.44,0,0,0.00,0,0,0.00,0,0,0.00,0,0,0,0,0,0.00,0,0,0.00,0,0,0,0,0,0,0,0,0,0,0,0,0,0,0,1
"Linux - zcat, zless und zmore",H5nmTTxkRDs,2.43,"Dec 14, 2011",79,80,1.0,40.42,0,0,0.00,0,0,0.00,0,0,0.00,0,1,0,0,0,0.00,0,0,0.00,0,0,0,0,0,0,0,1,0,0,0,0,0,0,0,1
Fedora 17 Beta - Demo,krdutZKGX-w,4.88,"Apr 17, 2012",79,108,0.7,14.91,0,0,0.00,0,0,0.00,0,0,0.00,0,3,0,0,0,0.00,0,0,0.00,0,1,1,0,0,0,0,0,0,0,0,0,0,0,0,1
R - Nachkommastellen,BoaN26YMrjo,3.15,"Mar 17, 2014",78,51,1.5,48.76,0,0,0.00,0,0,0.00,0,0,0.00,0,0,0,0,0,0.00,0,0,0.00,0,0,0,0,0,0,0,0,0,0,0,0,0,0,0,1
Videos spiegeln - ffmpeg - Videofilter hflip und vflip,W1ukZz-5tuA,3.30,"Feb 26, 2012",78,55,1.4,42.85,0,0,0.00,0,0,0.00,0,0,0.00,0,0,0,0,0,0.00,0,0,0.00,0,0,0,0,0,0,0,0,0,0,0,0,0,0,0,1
reveal.js - Text einblenden,dfV2xV3bAws,3.25,"Apr 05, 2014",78,54,1.4,44.31,0,0,0.00,0,0,0.00,0,0,0.00,0,0,0,2,78,2.56,2,78,2.56,78,0,0,0,0,0,0,0,0,-1,0,1,0,0,0,1
Git für Einsteiger - Branches anlegen,_g8ItehO7gA,3.13,"Jul 30, 2015",77,52,1.5,47.54,1,2,50.00,1,55,1.82,0,0,0.00,0,0,0,0,0,0.00,0,0,0.00,0,0,0,0,0,0,0,0,0,0,0,0,0,0,0,1
reveal.js - Weitere Möglichkeiten (Folienübergang und Hintergrund beeinflussen),93lMGJBGsWM,4.55,"Apr 10, 2014",77,37,2.1,45.84,0,0,0.00,0,0,0.00,0,0,0.00,0,0,0,0,0,0.00,0,0,0.00,0,0,0,0,0,0,0,0,0,0,0,0,0,0,0,1
CouchDB - Datenbankinformationen,kpF6jV1i5mc,3.27,"May 21, 2012",77,28,2.7,83.81,0,0,0.00,0,0,0.00,0,0,0.00,0,0,0,0,0,0.00,0,0,0.00,0,0,0,0,0,0,0,0,0,0,0,0,0,0,0,1
LibreOffice - Nicht aufeinander folgenden Text markieren,zJQ_wtLHwMk,2.90,"Aug 28, 2011",76,61,1.2,43.08,0,0,0.00,0,0,0.00,0,0,0.00,0,0,0,0,0,0.00,0,0,0.00,0,0,0,0,0,0,0,0,0,0,0,0,0,0,0,1
"Python-Programmierung - docopt - Auswerten der Befehle, Argumente und Optionen",H6th0iOj4AM,3.42,"Jun 22, 2013",76,72,1.1,30.79,0,0,0.00,0,0,0.00,0,0,0.00,0,0,0,0,0,0.00,0,0,0.00,0,0,0,0,0,0,0,0,0,0,0,0,0,0,0,1
Git für Einsteiger - Der erste Commit,CaCDWK5PdEI,2.82,"Feb 12, 2015",75,52,1.4,51.46,0,0,0.00,0,0,0.00,0,0,0.00,0,0,0,10,53,18.87,3,53,5.66,53,0,0,0,0,0,0,0,0,0,0,0,0,0,0,1
blockdiag - nwdiag und seqdiag,s06p6HnDBG8,5.18,"Feb 16, 2013",75,40,1.9,36.24,0,0,0.00,0,0,0.00,0,0,0.00,0,0,0,0,0,0.00,0,0,0.00,0,0,0,0,0,0,0,0,0,0,0,0,0,0,0,1
Live-DVDs mit Anonymisierungsdiensten,8N1cOrfTRec,2.47,"Sep 18, 2015",74,84,0.9,35.69,0,0,0.00,0,74,0.00,0,0,0.00,0,0,0,0,0,0.00,0,0,0.00,0,0,0,0,0,0,0,0,0,0,0,0,0,0,0,1
Linux - Dateiüberprüfung mit iWatch - Einführung,Gcc_ZprYt3I,5.17,"Apr 23, 2013",74,26,2.8,54.82,0,0,0.00,0,0,0.00,0,0,0.00,0,0,0,0,0,0.00,0,0,0.00,0,0,0,0,0,0,0,0,0,0,0,0,0,0,0,1
Gnome3 - laufende Anwendungen im Panel anzeigen lassen,yEdfjEAz8k8,3.07,"Sep 25, 2012",73,46,1.6,51.90,0,0,0.00,0,0,0.00,0,0,0.00,0,0,0,0,0,0.00,0,0,0.00,0,0,0,0,0,0,0,0,0,0,1,1,0,0,0,1
Linux - Packen und Entpacken - Textmodus - tar und gzip,RDuCB674Gqw,6.93,"Dec 13, 2011",73,46,1.6,22.86,0,0,0.00,0,0,0.00,0,0,0.00,0,0,0,0,0,0.00,0,0,0.00,0,0,0,0,0,0,0,0,0,0,0,0,0,0,0,1
SliTaz GNU/Linux Cooking 20140216 - Demo,tJAbJnPSW_4,5.05,"Feb 25, 2014",72,82,0.9,17.41,0,0,0.00,0,0,0.00,0,0,0.00,0,0,0,0,0,0.00,0,0,0.00,0,0,0,0,0,0,0,0,0,0,0,0,0,0,0,1
Fedora - html in pdf umwandeln,Wjw2trdDMB8,4.77,"Jul 14, 2011",72,54,1.3,27.98,0,0,0.00,0,0,0.00,0,0,0.00,0,0,0,0,0,0.00,0,0,0.00,0,0,0,0,0,0,0,0,0,0,0,0,0,0,0,1
Python-Programmierung - OOP - Klassen in Python (Teil 2),QWKvNwwjlnY,3.87,"Mar 16, 2012",72,45,1.6,41.35,0,0,0.00,0,0,0.00,0,0,0.00,0,0,0,0,0,0.00,0,0,0.00,0,1,1,0,0,0,0,0,0,0,0,0,0,0,0,1
Gnome - Menüs bearbeiten - alacarte,SC6WOD_sY9E,7.32,"Dec 13, 2011",72,47,1.5,20.89,0,0,0.00,0,0,0.00,0,0,0.00,0,0,0,0,0,0.00,0,0,0.00,0,0,0,0,0,0,0,0,0,0,0,0,0,0,0,1
GIMP - Bildschirm durchsichtig machen,U9uDblQ9SGk,6.02,"Mar 04, 2014",72,51,1.4,23.32,0,0,0.00,0,0,0.00,0,0,0.00,0,0,0,0,0,0.00,0,0,0.00,0,0,1,1,1,1,0,0,0,0,1,1,0,0,0,1
Fedora 25 Beta (Workstation) - Installation - Demo,lJeWg1-W8Ps,3.73,"Oct 12, 2016",71,86,0.8,22.11,0,0,0.00,0,0,0.00,0,0,0.00,0,0,0,0,0,0.00,0,0,0.00,0,0,0,0,0,0,0,0,0,3,4,1,0,0,0,1
docker installieren,jcgrUJv7qGc,3.63,"Aug 04, 2015",70,37,1.9,52.31,0,2,0.00,1,35,2.86,0,0,0.00,0,0,0,0,0,0.00,0,0,0.00,0,0,0,0,0,0,0,0,0,-1,0,1,0,0,0,1
Linux - od (octal dump),v2lKm8B4O3A,1.80,"Feb 18, 2014",69,90,0.8,42.77,0,0,0.00,0,0,0.00,0,0,0.00,0,0,0,0,0,0.00,0,0,0.00,0,1,1,0,0,0,0,0,0,0,0,0,1,1,0,1
Informationen über ein vimeo-Video ermitteln - vimeo Data API,kuGn0dRMyYo,4.32,"Oct 26, 2012",69,45,1.5,35.27,0,0,0.00,0,0,0.00,0,0,0.00,0,0,0,0,0,0.00,0,0,0.00,0,0,0,0,0,0,0,0,0,0,0,0,0,0,0,1
Linux - diff - Dateien vergleichen,63FgFxMeqds,3.73,"May 10, 2012",68,54,1.3,33.96,0,0,0.00,0,0,0.00,0,0,0.00,1,1,0,0,0,0.00,0,0,0.00,0,0,0,0,0,0,0,0,0,0,0,0,0,0,0,1
"LibreOffice - Calc - Titelleiste, Menüleiste, Symbolleisten",UKcov9kJbu0,2.77,"Jul 20, 2013",68,64,1.1,38.53,0,0,0.00,0,0,0.00,0,0,0.00,0,0,0,0,0,0.00,0,0,0.00,0,0,0,0,0,0,0,0,0,8,9,1,0,0,0,1
Python-Programmierung - Module selbst gemacht,vot-qwt6TDM,3.23,"Feb 15, 2012",68,42,1.6,50.19,0,0,0.00,0,0,0.00,0,0,0.00,0,0,0,0,0,0.00,0,0,0.00,0,0,0,0,0,0,0,0,0,2,2,0,0,0,0,1
Linux - Benutzer benachrichtigen - die Datei /etc/motd,q5SsPrg9pXY,4.78,"Nov 23, 2013",68,49,1.4,28.91,0,0,0.00,0,0,0.00,0,0,0.00,0,0,0,0,0,0.00,0,0,0.00,0,0,0,0,0,0,0,0,0,0,0,0,0,0,0,1
LibreOffice - Thesaurus aktivieren,DnOnXyLYL1w,3.22,"Mar 25, 2014",67,54,1.2,38.78,0,0,0.00,0,0,0.00,0,0,0.00,0,0,0,0,0,0.00,0,0,0.00,0,0,0,0,0,0,0,0,0,0,0,0,0,0,0,1
Python-Programmierung - Substitution von Zeichenketten,VdzzzIQpX9o,4.67,"Aug 06, 2011",67,44,1.5,32.56,0,0,0.00,0,0,0.00,0,0,0.00,0,0,0,0,0,0.00,0,0,0.00,0,0,0,0,0,0,0,0,0,0,0,0,0,0,0,1
HTML und CSS - Ein HTML-Dokument erstellen,vA3ATuPb_4s,4.27,"Mar 24, 2015",67,48,1.4,32.60,0,0,0.00,0,51,0.00,0,0,0.00,0,0,0,0,0,0.00,0,0,0.00,0,0,0,0,0,0,0,0,0,0,0,0,0,0,0,1
LibreOffice - Calc - Tabellen mit Themen formatieren,kmixCzEndRQ,2.00,"Mar 28, 2015",66,70,0.9,47.28,0,0,0.00,0,0,0.00,0,0,0.00,0,0,0,0,0,0.00,0,0,0.00,0,0,0,0,0,0,0,0,0,1,2,1,0,0,0,1
Gnome3 - Icons aktivieren,d_rY1MWCnB0,2.80,"Apr 24, 2011",66,56,1.2,41.92,0,0,0.00,0,0,0.00,0,0,0.00,0,0,0,0,0,0.00,0,0,0.00,0,0,0,0,0,0,0,0,0,0,0,0,0,0,0,1
Crashkurs LibreOffice Calc für Datenjournalismus - nutzbare Datenquellen,Wzs8KOTtsCI,6.43,"Jun 23, 2013",65,21,3.1,48.40,0,0,0.00,0,0,0.00,0,0,0.00,0,0,0,0,11,0.00,0,11,0.00,11,0,0,0,0,0,0,0,0,2,3,1,0,0,0,1
LibreOffice - Writer - Editiermodus Einfügen und Überschreiben,dTqDidkFU14,2.07,"Jan 29, 2015",65,62,1.1,50.93,0,0,0.00,0,0,0.00,0,0,0.00,0,0,0,0,0,0.00,0,0,0.00,0,0,0,0,0,0,0,0,0,0,0,0,0,0,0,1
redis - Konfiguration,ExmU0sl-sR8,5.92,"Sep 16, 2012",65,26,2.5,42.31,0,0,0.00,0,0,0.00,0,0,0.00,0,0,0,0,0,0.00,0,0,0.00,0,0,0,0,0,0,0,0,0,1,1,0,0,0,0,1
CSS Diner bringt euch CSS-Selektoren mit Praxisbeispielen bei,1Ja04Egqs_Y,3.00,"Mar 26, 2014",64,59,1.1,36.36,0,0,0.00,0,0,0.00,0,0,0.00,0,0,0,0,0,0.00,0,0,0.00,0,1,1,0,0,0,0,0,0,0,0,0,0,0,0,1
reveal.js - Einbinden von Markdown-Syntax,dJDw02ldaws,2.07,"Apr 05, 2014",64,56,1.1,55.54,0,0,0.00,0,0,0.00,0,0,0.00,0,0,0,1,76,1.32,2,76,2.63,76,0,0,0,0,0,0,0,0,0,1,1,0,0,0,1
Python-Programmierung - Module,Buv7N2awEDc,5.35,"Dec 11, 2011",64,27,2.4,44.39,0,0,0.00,0,0,0.00,0,0,0.00,0,0,0,0,0,0.00,0,0,0.00,0,0,0,0,0,0,0,0,0,0,0,0,0,0,0,1
Screencasting auf dem Linux-Desktop in der Cloud - Demo,aqKMryxUeZs,6.13,"Sep 26, 2015",64,48,1.3,21.69,0,0,0.00,0,40,0.00,0,0,0.00,0,0,0,0,0,0.00,0,0,0.00,0,0,0,0,0,0,0,0,0,0,0,0,0,0,0,1
reveal.js - Theme wechseln,HoThhWyoW30,2.70,"Apr 08, 2014",64,57,1.1,41.44,0,0,0.00,0,0,0.00,0,0,0.00,0,1,0,0,0,0.00,0,0,0.00,0,0,0,0,0,0,0,0,0,0,0,0,0,0,0,1
Raspberry Pi - eine LED ein- und ausschalten - Teil 2,9VSil7-1pBY,6.40,"May 02, 2014",63,39,1.6,25.36,0,0,0.00,0,0,0.00,0,0,0.00,0,0,0,1,22,4.55,2,22,9.09,22,0,0,0,0,0,0,0,0,0,0,0,0,0,0,1
Python-Programmierung - import pwd,JaKatL24upE,4.12,"May 25, 2014",63,52,1.2,29.42,0,0,0.00,0,0,0.00,0,0,0.00,3,1,0,0,0,0.00,0,0,0.00,0,0,0,0,0,0,0,0,0,0,0,0,0,0,0,1
"Python-Programmierung - docopt - Befehle, Argumente und Optionen",M53XRxu-tJI,2.03,"Jun 22, 2013",63,84,0.7,36.61,0,0,0.00,0,0,0.00,0,0,0.00,0,0,0,0,0,0.00,0,0,0.00,0,0,0,0,1,1,0,0,0,0,0,0,0,0,0,1
LibreOffice - Textmarken,aIEEl_H5-70,3.05,"Sep 04, 2013",61,48,1.3,41.98,0,0,0.00,0,0,0.00,0,0,0.00,0,0,0,0,0,0.00,0,0,0.00,0,0,0,0,0,0,0,0,0,0,0,0,0,0,0,1
"Slackel 5.0 ""Openbox"" edition - Demo",ImQhjors4T8,7.60,"Oct 17, 2013",61,43,1.4,18.81,0,0,0.00,0,0,0.00,0,0,0.00,0,1,0,0,0,0.00,0,0,0.00,0,0,0,0,0,0,0,0,0,0,0,0,0,0,0,1
Python-Programmierung - Generator-Funktionen,2G6Ie4BlkdA,5.45,"Sep 16, 2012",61,23,2.7,48.95,0,0,0.00,0,0,0.00,0,0,0.00,0,0,0,0,0,0.00,0,0,0.00,0,0,0,0,0,0,0,0,0,0,0,0,0,0,0,1
awesome - ein Tiling-Fenstermanager - Bedienung,5fr8YEQa0tA,5.27,"Feb 13, 2013",61,39,1.6,29.87,0,0,0.00,0,0,0.00,0,0,0.00,0,1,0,0,0,0.00,0,0,0.00,0,0,0,0,0,0,0,0,0,0,0,0,0,0,0,1
Screencast short 006 - OpenOffice Writer - Text unterstreichen,HKIQWxsfoPA,1.10,"Jan 30, 2011",61,96,0.6,57.85,0,0,0.00,0,0,0.00,0,0,0.00,0,0,0,0,0,0.00,0,0,0.00,0,0,0,0,0,0,0,0,0,0,0,0,0,0,0,1
OpenCV - die Bildgröße ändern,JnXECHW6ZHk,2.90,"Nov 20, 2011",61,62,1.0,33.89,0,0,0.00,0,0,0.00,0,0,0.00,0,0,0,0,0,0.00,0,0,0.00,0,0,0,0,0,0,0,0,0,0,0,0,0,0,0,1
Linux - MakeHuman - 3D Charaktere erstellen,gXPPFQalfGM,2.40,"Mar 25, 2014",60,64,0.9,39.20,0,0,0.00,0,0,0.00,0,0,0.00,0,0,0,0,0,0.00,0,0,0.00,0,0,0,0,0,0,0,0,0,0,0,0,0,0,0,1
Taskwarrior - Abhängigkeiten (depends),cp22NlXhK5Q,4.10,"Jul 01, 2013",60,31,1.9,46.88,0,0,0.00,0,0,0.00,0,0,0.00,0,0,0,0,0,0.00,0,0,0.00,0,0,0,0,0,0,0,0,0,0,0,0,0,0,0,1
Screencast short 013 - OpenOffice Writer - Text drehen,pYrPk5Y3hbY,0.92,"Jan 30, 2011",59,85,0.7,76.35,0,0,0.00,0,0,0.00,0,0,0.00,0,0,0,0,0,0.00,0,0,0.00,0,0,0,0,0,0,0,0,0,0,0,0,0,0,0,1
Firefox - Referrer blockieren,eap0LptvwTQ,4.97,"Jul 28, 2011",59,48,1.2,24.93,0,0,0.00,0,0,0.00,0,0,0.00,0,0,0,0,0,0.00,0,0,0.00,0,0,0,0,0,0,0,0,0,0,0,0,0,0,0,1
Gnome - einfache Bildschirmaufnahmen mit EasyScreenCast (Linux), -JFC6J8rg5Q,3.08,"Jun 27, 2015",59,49,1.2,38.84,0,0,0.00,0,23,0.00,0,0,0.00,0,0,0,0,0,0.00,0,0,0.00,0,0,0,0,0,0,0,0,0,0,0,0,0,0,0,1
Emmabuntüs 12.04.2-1.05  - Demo,3kgT5_KZdNc,9.07,"Jul 24, 2013",58,35,1.7,18.41,0,0,0.00,0,0,0.00,0,0,0.00,0,0,0,0,0,0.00,0,0,0.00,0,0,0,0,0,0,0,0,0,0,0,0,0,0,0,1
Python-Programmierung - Reguläre Ausdrücke - Verwendung in Python,FhL52yCYDZ0,4.37,"Mar 13, 2013",58,27,2.2,49.44,0,0,0.00,0,0,0.00,0,0,0.00,0,0,0,0,0,0.00,0,0,0.00,0,0,0,0,0,0,0,0,0,0,0,0,0,0,0,1
LibreOffice - Seitenleiste und Erscheinungsbild,DyIFALa2XVs,4.73,"Apr 18, 2014",58,38,1.5,32.26,0,0,0.00,0,0,0.00,0,0,0.00,0,0,0,0,0,0.00,0,0,0.00,0,0,0,0,0,0,0,0,0,0,0,0,0,0,0,1
LibreOffice - Calc - Gruppen und Gliederung,l3IoSinZ61k,3.30,"Aug 12, 2015",58,49,1.2,35.87,0,0,0.00,0,42,0.00,0,0,0.00,0,0,0,0,0,0.00,0,0,0.00,0,0,0,0,0,0,0,0,0,1,2,1,0,0,0,1
bottle - Dynamisches Routing,kCoJ-mE10FE,6.23,"Jun 05, 2012",58,28,2.1,33.07,0,0,0.00,0,0,0.00,0,0,0.00,0,0,0,0,0,0.00,0,0,0.00,0,0,0,0,0,0,0,0,0,0,0,0,0,0,0,1
CouchDB - Futon - Datenbank erstellen und löschen,O3SNNsDyaqc,1.88,"Jun 30, 2012",57,36,1.6,84.38,0,0,0.00,0,0,0.00,0,0,0.00,0,0,0,0,0,0.00,0,0,0.00,0,0,0,0,0,0,0,0,0,0,0,0,0,0,0,1
Python-Programmierung - Reguläre Ausdrücke - Match-Objekte und Gruppen,8BgWk9d1hXo,5.17,"May 08, 2013",57,32,1.8,34.58,0,0,0.00,0,0,0.00,0,0,0.00,0,0,0,0,0,0.00,0,0,0.00,0,0,0,0,0,0,0,0,0,0,0,0,0,0,0,1
Linux - dstat,VqZbCs5Hr3I,2.52,"Aug 25, 2013",55,85,0.7,25.94,0,0,0.00,0,0,0.00,0,0,0.00,0,0,0,0,0,0.00,0,0,0.00,0,1,1,0,0,0,0,0,1,0,0,0,0,0,0,1
"Linux - wc (word count - Zeichen, Wörter und Zeilen einer Datei zählen)",GdrTEQo8wSA,2.55,"Dec 21, 2013",55,76,0.7,28.34,0,0,0.00,0,0,0.00,0,0,0.00,0,0,0,0,0,0.00,0,0,0.00,0,0,0,0,0,0,0,0,0,0,0,0,0,0,0,1
Gnome3 - NetSpeed,oURXa_lXWfU,1.97,"Mar 28, 2012",55,69,0.8,40.26,0,0,0.00,0,0,0.00,0,0,0.00,0,0,0,0,0,0.00,0,0,0.00,0,0,0,0,0,0,0,0,0,0,0,0,0,0,0,1
nginx - Installation,aynkdUcW6A8,3.38,"Oct 16, 2012",53,49,1.1,32.17,0,0,0.00,0,0,0.00,0,0,0.00,0,0,0,0,0,0.00,0,0,0.00,0,0,0,0,0,0,0,0,0,0,0,0,0,0,0,1
reveal.js - automatische Präsentation starten,WVcnQgPTcK0,3.35,"Apr 05, 2014",53,26,2.0,61.01,0,0,0.00,0,0,0.00,0,0,0.00,0,0,0,0,36,0.00,0,36,0.00,36,0,0,0,0,0,0,0,0,0,0,0,0,0,0,1
"Debian 8 ""Jessie"" steht zur Verfügung",yTHx78mQ9us,5.15,"Apr 27, 2015",53,33,1.6,31.25,0,0,0.00,0,0,0.00,0,0,0.00,0,0,0,0,0,0.00,0,0,0.00,0,0,0,0,0,0,0,0,0,0,0,0,0,0,0,1
"GeckoLinux 999.161031.0 ""Rolling"" Cinnamon - Demo",ioVLXsEAJjs,7.20,"Nov 08, 2016",53,64,0.8,11.49,0,0,0.00,0,0,0.00,0,0,0.00,0,0,0,0,0,0.00,0,0,0.00,0,1,2,1,0,0,0,0,0,3,4,1,0,0,0,1
Python-Programmierung - Funktionen (Teil 2),gK6s5EFjHm4,4.73,"Sep 13, 2011",53,33,1.6,33.86,0,0,0.00,0,0,0.00,0,0,0.00,0,0,0,0,0,0.00,0,0,0.00,0,0,0,0,0,0,0,0,0,0,0,0,0,0,0,1
Linux - SimpleHTTPServer,4C1GwXR1NLQ,2.72,"May 12, 2012",52,38,1.4,50.79,0,0,0.00,0,0,0.00,0,0,0.00,2,1,0,0,0,0.00,0,0,0.00,0,0,0,0,0,0,0,0,0,0,0,0,0,0,0,1
LibreOffice - Calc - Daten auf Gültigkeit prüfen,AkEfHhhjhFk,2.40,"May 07, 2014",52,46,1.1,47.24,0,0,0.00,0,0,0.00,0,0,0.00,0,0,0,0,0,0.00,0,0,0.00,0,0,0,0,0,0,0,0,0,2,3,1,0,0,0,1
svg-edit - web svg-editor,Zm2exwK0UE4,4.03,"Apr 08, 2011",52,37,1.4,34.87,0,0,0.00,0,0,0.00,0,0,0.00,0,0,0,0,0,0.00,0,0,0.00,0,1,1,0,0,0,0,0,0,0,0,0,0,0,0,1
popcorn.js - wordriver,sdC4L4du5qQ,3.13,"Apr 08, 2012",52,58,0.9,28.55,0,0,0.00,0,0,0.00,0,0,0.00,0,0,0,0,0,0.00,0,0,0.00,0,0,0,0,0,0,0,0,0,-1,0,1,0,0,0,1
Firefox - Einstellungen im Tab,Gpq7ZV57IMI,2.15,"Mar 29, 2014",51,46,1.1,52.04,0,0,0.00,0,0,0.00,0,0,0.00,0,0,0,0,0,0.00,0,0,0.00,0,0,0,0,0,0,0,0,0,0,0,0,0,0,0,1
redis - Datentypen - Lists,Pqb4uiKZy5I,6.62,"Oct 07, 2012",51,18,2.8,43.02,0,0,0.00,0,0,0.00,0,0,0.00,0,0,0,0,0,0.00,0,0,0.00,0,0,0,0,0,0,0,0,0,0,0,0,0,0,0,1
Taskwarrior - wiederkehrende Aufgaben,01P_ymuqHCA,5.02,"Jun 30, 2013",51,23,2.2,43.79,0,0,0.00,0,0,0.00,0,0,0.00,0,0,0,0,0,0.00,0,0,0.00,0,0,0,0,0,0,0,0,0,1,1,0,0,0,0,1
Git für Einsteiger - Branches mergen,ChSt1ozMlVA,3.57,"Aug 29, 2015",50,29,1.7,48.62,1,2,50.00,1,28,3.57,0,0,0.00,0,0,0,0,0,0.00,0,0,0.00,0,1,1,0,0,0,0,0,0,0,0,0,3,3,0,1
Python-Programmierung - List Comprehensions,So0lBUEwduM,6.25,"Sep 23, 2012",49,21,2.4,37.70,0,0,0.00,0,0,0.00,0,0,0.00,0,0,0,0,0,0.00,0,0,0.00,0,0,0,0,0,0,0,0,0,0,0,0,0,0,0,1
redis - Datentypen - Hashes,i_8VWlKtTuw,4.58,"Sep 20, 2012",49,24,2.1,44.86,0,0,0.00,0,0,0.00,0,0,0.00,0,0,0,0,0,0.00,0,0,0.00,0,0,0,0,0,0,0,0,0,0,0,0,0,0,0,1
droopy - kleiner Upload-Webserver,6I2ZZVr5pSU,3.57,"Jun 21, 2012",49,27,1.8,50.97,0,0,0.00,0,0,0.00,0,0,0.00,0,0,0,0,0,0.00,0,0,0.00,0,0,0,0,0,0,0,0,0,0,0,0,0,0,0,1
Taskwarrior - Reports - ein Beispiel,j11mvkOB_no,4.62,"Aug 26, 2013",49,38,1.3,27.95,0,0,0.00,0,0,0.00,0,0,0.00,0,0,0,0,0,0.00,0,0,0.00,0,0,0,0,0,0,0,0,0,0,0,0,0,0,0,1
R - Was ist R ?,S7RyYFy3yK8,2.20,"Aug 27, 2013",49,46,1.1,48.43,0,0,0.00,0,0,0.00,0,0,0.00,0,0,0,0,0,0.00,0,0,0.00,0,0,0,0,0,0,0,0,0,0,0,0,0,0,0,1
Python-Programmierung - Slicing - Abkürzen erlaubt,aa1Pa2Ht1nY,2.42,"Jul 20, 2011",49,36,1.4,56.29,0,0,0.00,0,0,0.00,0,0,0.00,0,0,0,0,0,0.00,0,0,0.00,0,0,0,0,0,0,0,0,0,0,0,0,0,0,0,1
Debian - dpkg - Auflisten der installierten Pakete (Paketverwaltung .deb),OMd-UgD2TE8,1.62,"Dec 12, 2013",48,43,1.1,69.10,0,0,0.00,0,0,0.00,0,0,0.00,0,0,0,1,36,2.78,1,36,2.78,36,0,0,0,0,0,0,0,0,0,0,0,0,0,0,1
Git für Einsteiger - Branches anlegen - Teil 2,TfvwbpxzSiI,3.37,"Jul 31, 2015",48,28,1.7,50.44,0,0,0.00,0,39,0.00,0,0,0.00,0,0,0,0,0,0.00,0,0,0.00,0,0,0,0,0,0,0,0,0,0,0,0,0,0,0,1
ffmpeg - Videofilter showinfo,4VBFg5N9SyA,2.03,"Mar 31, 2012",47,51,0.9,45.71,0,0,0.00,0,0,0.00,0,0,0.00,0,0,0,0,0,0.00,0,0,0.00,0,0,0,0,0,0,0,0,0,0,0,0,0,0,0,1
Linux - Desktop Effects - Tastenkombinationen,r1MQ19FP_zI,4.22,"Dec 13, 2011",47,41,1.2,27.34,0,0,0.00,0,0,0.00,0,0,0.00,0,0,0,0,0,0.00,0,0,0.00,0,0,0,0,0,0,0,0,0,0,0,0,0,0,0,1
Ubuntu Touch - Scopes,MJPoxAnO5KE,2.92,"Mar 12, 2014",47,62,0.8,25.89,0,0,0.00,0,0,0.00,0,0,0.00,0,1,0,0,0,0.00,0,0,0.00,0,0,0,0,0,0,0,0,0,0,0,0,0,0,0,1
Python-Programmierung - Reguläre Ausdrücke - Suchen Teilen Ersetzen Teil2,5pV0KjvSpUY,2.83,"Apr 07, 2013",47,37,1.3,44.52,0,0,0.00,0,0,0.00,0,0,0.00,0,0,0,0,0,0.00,0,0,0.00,0,0,0,0,0,0,0,0,0,0,0,0,0,0,0,1
sed - Reguläre Ausdrücke,OCiqWWrIoGE,3.90,"Jul 03, 2013",47,18,2.6,66.47,0,0,0.00,0,0,0.00,0,0,0.00,0,0,0,0,0,0.00,0,0,0.00,0,0,0,0,0,0,0,0,0,0,0,0,0,0,0,1
"Linux - Prozesse anzeigen, die Dateien auf einen bestimmten Mountpunkt benutzen",L6NkIW-8THc,2.92,"Dec 21, 2013",47,41,1.1,38.89,0,0,0.00,0,0,0.00,0,0,0.00,0,0,0,0,0,0.00,0,0,0.00,0,0,0,0,0,0,0,0,0,0,0,0,0,0,0,1
Das Web-Cockpit aus Fedora 21 installieren,m56xN_cSjgc,4.92,"Feb 24, 2015",46,34,1.4,27.70,0,0,0.00,0,0,0.00,0,0,0.00,0,0,0,0,0,0.00,0,0,0.00,0,1,1,0,0,0,0,0,0,1,1,0,0,0,0,1
"Gnome3 - ein eigenes user-theme (Thema, Design, Erscheinungsbild)",eL1YdM5yqss,5.28,"Sep 29, 2012",46,26,1.8,33.59,0,0,0.00,0,0,0.00,0,0,0.00,0,0,0,0,0,0.00,0,0,0.00,0,0,0,0,0,0,0,0,0,0,0,0,0,0,0,1
Javascript - Hallo Welt,1-fAkl_ovT8,3.82,"Jun 24, 2012",46,41,1.1,29.47,0,0,0.00,0,0,0.00,0,0,0.00,0,0,0,0,0,0.00,0,0,0.00,0,0,0,0,0,0,0,0,0,0,0,0,0,0,0,1
Python-Programmierung - Generator-Funktion - Übung,RhKs3qqOG0M,3.23,"Oct 07, 2012",46,46,1.0,31.00,0,0,0.00,0,0,0.00,0,0,0.00,0,0,0,0,0,0.00,0,0,0.00,0,0,0,0,0,0,0,0,0,0,0,0,0,0,0,1
"pdfinfo - Informationen, Metadaten über ein PDF-Dokument",29Yc1uHQ_SM,2.40,"Feb 16, 2012",46,48,1.0,39.81,0,0,0.00,0,0,0.00,0,0,0.00,0,0,0,0,0,0.00,0,0,0.00,0,0,0,0,0,0,0,0,0,0,1,1,0,0,0,1
Linux - Pidgin - Nachrichtenverschlüsselung mit OTR,5N72g3ONsl0,3.97,"Aug 30, 2013",45,35,1.3,32.63,0,0,0.00,0,0,0.00,0,0,0.00,0,0,0,0,0,0.00,0,0,0.00,0,0,0,0,0,0,0,0,0,0,0,0,0,0,0,1
Debian - dpkg - Informationen über installierte Pakete abfragen (Paketverwaltung .deb),yWtRF7HIMaU,1.45,"Dec 12, 2013",45,48,0.9,64.87,0,0,0.00,0,0,0.00,0,0,0.00,0,0,0,1,39,2.56,4,39,10.26,39,0,0,0,0,0,0,0,0,0,0,0,0,0,0,1
"Coder - Passwortreset (Passwort vergessen, was nun ? - Passwort neu setzen)",L_2jXainDbs,3.42,"Nov 03, 2013",45,76,0.6,17.35,0,0,0.00,0,0,0.00,0,0,0.00,0,0,0,0,53,0.00,4,53,7.55,53,0,0,0,0,0,0,0,0,0,0,0,0,0,0,1
Fedora - powerline - die Eingabeaufforderung verändern,EWIHT74RMts,2.63,"Sep 05, 2015",45,37,1.2,46.12,0,0,0.00,0,26,0.00,0,0,0.00,0,0,0,0,0,0.00,0,0,0.00,0,1,1,0,0,0,0,0,0,0,0,0,0,0,0,1
redis - Datentypen - String,l0SbbSLDhN0,6.25,"Sep 16, 2012",45,13,3.4,55.16,0,0,0.00,0,0,0.00,0,0,0.00,0,0,0,0,0,0.00,0,0,0.00,0,0,0,0,0,0,0,0,0,0,0,0,0,0,0,1
Linux - gnome-terminal - den Hintergrund ändern,8NOeqcuyBE0,3.68,"Sep 01, 2013",45,43,1.0,28.12,0,0,0.00,0,0,0.00,0,0,0.00,0,0,0,0,0,0.00,0,0,0.00,0,0,0,0,0,0,0,0,0,0,0,0,0,0,0,1
HTML5 - Grundgerüst,eCJL-8ivEnk,3.40,"Jun 19, 2012",44,26,1.7,49.88,0,0,0.00,0,0,0.00,0,0,0.00,0,0,0,0,0,0.00,0,0,0.00,0,1,1,0,0,0,0,0,0,0,0,0,0,0,0,1
LibreOffice - Writer - Wortergänzung nutzen,SSGOuL5bVDo,2.78,"Mar 24, 2012",43,41,1.1,38.03,0,0,0.00,0,0,0.00,0,0,0.00,0,0,0,0,0,0.00,0,0,0.00,0,1,1,0,0,0,0,0,0,0,0,0,0,0,0,1
Videoantwort (als Demo) - LibreOffice Calc - eine Doppellinie für unter/über Summen,haVHM9oYYoU,2.52,"Feb 22, 2015",43,36,1.2,47.65,0,0,0.00,0,0,0.00,0,0,0.00,0,0,0,0,0,0.00,0,0,0.00,0,0,0,0,0,0,0,0,0,1,2,1,0,0,0,1
Raspberry Pi - Vorbereitungen,iKeVyB_DCwg,2.58,"Oct 05, 2013",43,61,0.7,27.36,0,0,0.00,0,0,0.00,0,0,0.00,0,0,0,0,0,0.00,0,0,0.00,0,0,0,0,0,0,0,0,0,0,0,0,0,0,0,1
Linux - Nautilus - Lesezeichen, -xFu9DjoHp0,2.38,"Aug 30, 2013",43,39,1.1,46.32,0,0,0.00,0,0,0.00,0,0,0.00,0,0,0,0,0,0.00,0,0,0.00,0,0,0,0,0,0,0,0,0,0,0,0,0,0,0,1
Python-Programmierung - Generator Expressions,Yf1HyG1Z3I4,3.37,"Sep 24, 2012",43,57,0.7,22.24,0,0,0.00,0,0,0.00,0,0,0.00,0,0,0,0,0,0.00,0,0,0.00,0,0,0,0,0,0,0,0,0,0,0,0,0,0,0,1
Screencast short 019 - OpenOffice Writer - blinkender Text,C8VLbsQSUaU,0.62,"Jan 30, 2011",43,90,0.5,76.86,0,0,0.00,0,0,0.00,0,0,0.00,0,0,0,0,0,0.00,0,0,0.00,0,1,1,0,0,0,0,0,1,0,0,0,0,0,0,1
Linux - Gnome3 - Text Translator,5YNXc5HKoAI,3.27,"Nov 16, 2013",42,34,1.2,37.73,0,0,0.00,0,0,0.00,0,0,0.00,0,0,0,0,0,0.00,0,0,0.00,0,0,0,0,0,0,0,0,0,0,1,1,0,0,0,1
redis - Publish-Subscribe,ZV-eDtNsyJU,2.87,"Oct 31, 2012",41,39,1.0,36.47,0,0,0.00,0,0,0.00,0,0,0.00,0,0,0,0,0,0.00,0,0,0.00,0,0,0,0,1,1,0,0,0,0,0,0,0,0,0,1
Javascript - Zahlen,WJvlUMvNiUo,4.55,"Aug 19, 2015",40,45,0.9,19.66,0,0,0.00,0,37,0.00,0,0,0.00,0,1,0,0,0,0.00,0,0,0.00,0,0,0,0,0,0,0,0,0,0,0,0,0,0,0,1
OpenCV - ein Bild konvertieren,l64zFq_CGfI,2.27,"Aug 25, 2011",40,43,0.9,41.20,0,0,0.00,0,0,0.00,0,0,0.00,0,0,0,0,0,0.00,0,0,0.00,0,0,0,0,0,0,0,0,0,0,0,0,0,0,0,1
R - einfache Datentypen,dnkUZTFvjrQ,4.60,"May 25, 2014",40,46,0.9,18.93,0,0,0.00,0,0,0.00,0,0,0.00,0,0,0,0,0,0.00,0,0,0.00,0,0,0,0,0,0,0,0,0,0,0,0,0,0,0,1
popcorn.js - Bilder anzeigen,_zzr7eACRCs,3.23,"Jun 20, 2012",40,38,1.0,32.27,0,0,0.00,0,0,0.00,0,0,0.00,0,0,0,0,0,0.00,0,0,0.00,0,0,0,0,0,0,0,0,0,0,0,0,0,0,0,1
Git für Einsteiger - Allgemeines zum Branching,rvBXmjXqpN8,2.77,"Mar 29, 2015",39,24,1.6,59.47,0,0,0.00,0,21,0.00,0,0,0.00,0,0,0,0,0,0.00,0,0,0.00,0,1,1,0,0,0,0,0,0,0,0,0,0,0,0,1
Python-Programmierung - Iteratoren (Teil 3),SreDMOddFL8,7.15,"Jul 30, 2012",39,16,2.4,34.14,0,0,0.00,0,0,0.00,0,0,0.00,0,0,0,0,0,0.00,0,0,0.00,0,0,0,0,0,0,0,0,0,0,0,0,0,0,0,1
"LibreOffice - Calc - Filtern, welche Zellen sichtbar sind",Dre0GPY_E88,3.57,"Aug 28, 2015",39,27,1.4,40.28,0,0,0.00,0,23,0.00,0,0,0.00,0,0,0,0,0,0.00,0,0,0.00,0,0,0,0,0,0,0,0,0,1,2,1,0,0,0,1
Mit Steam Skin Manager das Aussehen des Steam Clients unter Linux verändern,smGNX6D1bnE,4.38,"Jun 18, 2014",39,71,0.5,12.44,0,0,0.00,0,0,0.00,0,0,0.00,0,0,0,0,0,0.00,0,0,0.00,0,0,0,0,0,0,0,0,0,0,0,0,0,0,0,1
Gnome3 - die Zeitanzeige ändern,UMriPRHZ4u0,3.97,"Apr 23, 2011",39,30,1.3,32.37,0,0,0.00,0,0,0.00,0,0,0.00,0,0,0,0,0,0.00,0,0,0.00,0,0,0,0,0,0,0,0,0,0,0,0,0,0,0,1
Firefox - Remove It Permanently,o4r7OgONW0M,2.53,"Apr 20, 2011",39,45,0.9,33.78,0,0,0.00,0,0,0.00,0,0,0.00,0,1,0,0,0,0.00,0,0,0.00,0,0,0,0,0,0,0,0,0,1,1,0,0,0,0,1
Taskwarrior - Datum und Uhrzeit - Datumsformate,iaWyeol2aVk,5.32,"Oct 31, 2012",38,15,2.5,47.81,0,0,0.00,0,0,0.00,0,0,0.00,0,0,0,0,0,0.00,0,0,0.00,0,0,0,0,0,0,0,0,0,0,0,0,0,0,0,1
Linux - Atom installieren,7Wv_UddMCjk,3.47,"May 09, 2014",38,36,1.1,30.52,0,0,0.00,0,0,0.00,0,0,0.00,0,0,0,0,0,0.00,0,0,0.00,0,1,1,0,0,0,0,0,0,0,0,0,0,0,0,1
sed - Was ist das ?,Yqg6r5RE4G8,4.07,"Jul 03, 2013",38,21,1.8,44.40,0,0,0.00,0,0,0.00,0,0,0.00,0,0,0,0,0,0.00,0,0,0.00,0,0,0,0,0,0,0,0,0,0,0,0,0,0,0,1
Firefox OS - Bedienung,ehS1p4SEyOA,4.20,"Jul 25, 2013",38,25,1.5,36.07,0,0,0.00,0,0,0.00,0,0,0.00,0,0,0,0,0,0.00,0,0,0.00,0,0,0,0,0,0,0,0,0,0,0,0,0,0,0,1
Taskwarrior - Spezielle Reports,wxnMRZF9spg,3.10,"Oct 20, 2013",38,36,1.0,33.82,0,0,0.00,0,0,0.00,0,0,0.00,0,0,0,0,0,0.00,0,0,0.00,0,0,0,0,0,0,0,0,0,0,1,1,0,0,0,1
LibreOffice - Calc - Autoformatierung von Tabellenbereichen (Autoformat),e96ob1K1iPo,2.70,"Mar 20, 2015",37,20,1.8,68.08,0,0,0.00,0,0,0.00,0,0,0.00,0,0,0,0,0,0.00,0,0,0.00,0,0,0,0,0,0,0,0,1,2,3,1,0,0,0,1
Linux - cat und tac - Dateien ausgeben,bFmOQd2QHbU,3.85,"May 08, 2014",37,37,1.0,25.77,0,0,0.00,0,0,0.00,0,0,0.00,0,0,0,0,0,0.00,0,0,0.00,0,0,0,0,0,0,0,0,0,0,0,0,0,0,0,1
Screencast 074 - OpenOffice.org - Writer - Gallery - Objekte in ein Dokument einfügen,Se3R4bz0jVI,3.20,"Jan 28, 2011",36,28,1.3,40.30,0,0,0.00,0,0,0.00,0,0,0.00,0,0,0,0,0,0.00,0,0,0.00,0,0,0,0,0,0,0,0,0,0,0,0,0,0,0,1
Vivaldi Browser (Linux),zGdD0NcQCOw,3.03,"Feb 18, 2015",36,58,0.6,20.45,0,0,0.00,0,0,0.00,0,0,0.00,0,1,0,0,0,0.00,0,0,0.00,0,0,0,0,0,0,0,0,0,0,0,0,0,0,0,1
Linux - Hardware-Informationen (Textmodus),1GX6VePQoVk,4.40,"Sep 01, 2013",35,17,2.1,47.11,0,0,0.00,0,0,0.00,0,0,0.00,0,0,0,0,0,0.00,0,0,0.00,0,0,0,0,0,0,0,0,0,0,0,0,0,0,0,1
Screencast short 003 - OpenOffice Writer - Text markieren,QmShHClD1lw,1.02,"Jan 30, 2011",35,42,0.8,82.21,0,0,0.00,0,0,0.00,0,0,0.00,0,0,0,0,0,0.00,0,0,0.00,0,0,0,0,0,0,0,0,0,0,0,0,0,0,0,1
PHP-Programmierung - Arrays - Listen-Arrays,n_8Moi8DqIo,5.18,"Sep 26, 2013",35,11,3.2,61.44,0,0,0.00,0,0,0.00,0,0,0.00,0,0,0,0,0,0.00,0,0,0.00,0,0,0,0,0,0,0,0,0,0,0,0,0,0,0,1
ein Video drehen - ffmpeg - Videofilter transpose,LPS0o6KtHPc,2.67,"Mar 09, 2012",35,35,1.0,37.53,0,0,0.00,0,0,0.00,0,0,0.00,0,0,0,0,0,0.00,0,0,0.00,0,0,0,0,0,0,0,0,0,0,0,0,0,0,0,1
Linux - PDF-Dokumente schreiben mit Pandoc und Markdown - Markdown,Yql8ZfhFURY,4.13,"Nov 01, 2013",35,31,1.1,27.02,0,0,0.00,0,0,0.00,0,0,0.00,0,0,0,0,0,0.00,0,0,0.00,0,0,0,0,0,0,0,0,0,2,3,1,0,0,0,1
LibreOffice - Wo werden Makros gespeichert ?,DoAbTuAzlo0,2.00,"Mar 20, 2014",35,31,1.1,55.77,0,0,0.00,0,0,0.00,0,0,0.00,0,0,0,0,0,0.00,0,0,0.00,0,0,0,0,0,0,0,0,0,1,1,0,0,0,0,1
Python-Programmierung - Fehlerbehandlung - Teil 2,S43PvAkmz3k,5.28,"Jun 16, 2012",34,20,1.7,32.58,0,0,0.00,0,0,0.00,0,0,0.00,0,0,0,0,0,0.00,0,0,0.00,0,0,0,0,0,0,0,0,0,0,0,0,0,0,0,1
Python-Programmierung - Iteratoren (Teil 2),_1ppIznzfOg,3.75,"Jul 14, 2012",34,19,1.8,47.98,0,0,0.00,0,0,0.00,0,0,0.00,0,0,0,0,0,0.00,0,0,0.00,0,0,0,0,0,0,0,0,0,0,0,0,0,0,0,1
Ubuntu Mate 15.04 Beta 1 - Demo,WtRY2avyEHc,4.60,"Mar 02, 2015",34,32,1.1,23.18,0,0,0.00,0,0,0.00,0,0,0.00,0,1,0,0,0,0.00,0,0,0.00,0,0,0,0,0,0,0,0,0,0,0,0,0,0,0,1
Ubuntu Touch - Bedienung,2gbtP9YtsYo,5.90,"Mar 10, 2014",34,14,2.4,41.01,0,0,0.00,0,0,0.00,0,0,0.00,0,0,0,0,7,0.00,0,7,0.00,7,0,0,0,0,0,0,0,0,0,0,0,0,0,0,1
Linux - Backups verschlüsseln - Konzept,aus7bN_CwGo,5.75,"Mar 21, 2014",34,24,1.4,24.41,0,0,0.00,0,0,0.00,0,0,0.00,0,0,0,0,0,0.00,0,0,0.00,0,0,0,0,0,0,0,0,0,1,1,0,0,0,0,1
Gnome3 - Bildschirmtastaturen,YwadSGxbWEw,2.92,"Sep 29, 2011",34,34,1.0,33.91,0,0,0.00,0,0,0.00,0,0,0.00,0,0,0,0,0,0.00,0,0,0.00,0,0,0,0,1,1,0,0,0,0,0,0,0,0,0,1
Firefox OS 1.5 und Firefox OS 1.3 im Vergleich (per Simulator) - Demo,aWx8K2idXjY,8.98,"Apr 10, 2014",33,11,3.0,33.70,0,0,0.00,0,0,0.00,0,0,0.00,0,0,0,0,0,0.00,0,0,0.00,0,0,0,0,0,0,0,0,0,0,0,0,0,0,0,1
Firefox für den Betrieb in der GNOME-Shell optimieren,qONlNyZgsNk,5.30,"Apr 18, 2014",33,32,1.0,19.46,0,0,0.00,0,0,0.00,0,0,0.00,0,0,0,0,0,0.00,0,0,0.00,0,0,0,0,0,0,0,0,0,0,0,0,0,0,0,1
Linux - cut (schneiden),Fjtw5QjQwxE,2.52,"Aug 16, 2015",33,26,1.3,49.76,0,0,0.00,0,5,0.00,0,0,0.00,0,0,0,0,0,0.00,0,0,0.00,0,0,0,0,0,0,0,0,0,0,0,0,0,0,0,1
Linux - uptime,wbRgMBb2FiY,1.80,"Sep 01, 2013",32,50,0.6,36.07,0,0,0.00,0,0,0.00,0,0,0.00,0,0,0,0,0,0.00,0,0,0.00,0,0,0,0,1,1,0,0,0,0,0,0,0,0,0,1
bottle - statische Inhalte,ZmjXbxIHHK4,5.58,"Jun 06, 2012",32,12,2.7,47.75,0,0,0.00,0,0,0.00,0,0,0.00,0,0,0,0,0,0.00,0,0,0.00,0,0,0,0,0,0,0,0,0,0,0,0,0,0,0,1
Python-Programmierung - Dictionaries (Teil 2),iBmuLYjfGVw,3.63,"Aug 13, 2011",32,21,1.5,41.84,0,0,0.00,0,0,0.00,0,0,0.00,0,0,0,0,0,0.00,0,0,0.00,0,0,0,0,0,0,0,0,0,0,0,0,0,0,0,1
Taskwarrior - Datum und Uhrzeit - Aufgaben verstecken,KRIM6vS731s,2.80,"Feb 19, 2013",32,29,1.1,39.31,0,0,0.00,0,0,0.00,0,0,0.00,0,1,0,0,0,0.00,0,0,0.00,0,0,0,0,0,0,0,0,0,0,0,0,0,0,0,1
Fedora - Sicheres Löschen einer Datei,J0OAc0xNErI,3.48,"Aug 02, 2011",32,25,1.3,36.65,0,0,0.00,0,0,0.00,0,0,0.00,0,0,0,0,0,0.00,0,0,0.00,0,1,1,0,0,0,0,0,0,0,0,0,0,0,0,1
LibreOffice - Makros für den Import herunterladen,QpNoZhF5J_I,2.12,"Mar 22, 2014",32,38,0.8,39.60,0,0,0.00,0,0,0.00,0,0,0.00,0,0,0,0,0,0.00,0,0,0.00,0,0,0,0,0,0,0,0,0,0,0,0,0,0,0,1
Linux - DM-Crypt - Gedanken zum Passwort,Hd44cjgc_Ko,2.98,"Oct 12, 2013",32,40,0.8,26.69,0,0,0.00,0,0,0.00,0,0,0.00,0,0,0,0,0,0.00,0,0,0.00,0,0,0,0,0,0,0,0,1,0,0,0,0,0,0,1
Matplotlib und Pylab - das Beispiel etwas aufgebessert,cqiCe2Qj-UE,4.27,"Jul 12, 2012",32,25,1.3,29.81,0,0,0.00,0,0,0.00,0,0,0.00,0,0,0,0,0,0.00,0,0,0.00,0,0,0,0,0,0,0,0,0,0,0,0,0,0,0,1
LibreOffice - Makroorganisation,oWBuByfdW-E,5.37,"Mar 19, 2014",31,24,1.3,24.03,0,0,0.00,0,0,0.00,0,0,0.00,0,0,0,0,0,0.00,0,0,0.00,0,0,0,0,0,0,0,0,0,0,0,0,0,0,0,1
Matplotlib und Pylab - eine Programm-Datei,xIR5-YXZyw8,4.37,"Jul 11, 2012",31,18,1.7,38.83,0,0,0.00,0,0,0.00,0,0,0.00,0,0,0,0,0,0.00,0,0,0.00,0,0,0,0,0,0,0,0,0,0,0,0,0,0,0,1
popcorn.js - Attribution,ll7aJ5Jhlfg,3.13,"May 09, 2012",30,28,1.1,34.48,0,0,0.00,0,0,0.00,0,0,0.00,0,0,0,0,0,0.00,0,0,0.00,0,0,0,0,0,0,0,0,0,-1,0,1,0,0,0,1
HTML und CSS - Was sind HTML und CSS ?,Gb_BwvlixKw,2.68,"Feb 25, 2015",30,30,1.0,37.19,0,0,0.00,0,0,0.00,0,0,0.00,0,0,0,0,7,0.00,0,7,0.00,7,1,1,0,0,0,0,0,0,0,0,0,0,0,0,0
Fotos und Bilddateien anonymisieren - Linux,9oX-3MgkXi8,6.23,"Apr 07, 2013",30,28,1.1,17.10,0,0,0.00,0,0,0.00,0,0,0.00,0,0,0,0,0,0.00,0,0,0.00,0,0,0,0,0,0,0,0,0,0,0,0,0,0,0,0
Linux - meld - Dateien vergleichen,wqbmrFgdwhw,2.40,"Sep 04, 2012",30,27,1.1,45.75,0,0,0.00,0,0,0.00,0,0,0.00,0,0,0,0,0,0.00,0,0,0.00,0,0,0,0,0,0,0,0,0,0,0,0,0,0,0,0
Python-Programmierung - Dictionaries (Teil 3),_d0OvgZFk7c,3.80,"Aug 21, 2011",29,22,1.3,35.29,0,0,0.00,0,0,0.00,0,0,0.00,0,0,0,0,0,0.00,0,0,0.00,0,0,0,0,0,0,0,0,0,0,0,0,0,0,0,0
Linux - Speicherplatzverbrauch für Ordner und Dateien ermitteln,YKCqPYPI8vQ,3.62,"Feb 04, 2015",29,13,2.2,62.14,0,0,0.00,0,0,0.00,0,0,0.00,0,0,0,0,0,0.00,0,0,0.00,0,1,1,0,0,0,0,0,0,0,0,0,0,0,0,0
Linux - Benutzer benachrichtigen - die Datei /etc/issue.net,kaqTDhmKuy4,1.57,"Nov 23, 2013",29,36,0.8,51.78,0,0,0.00,0,0,0.00,0,0,0.00,0,0,0,0,0,0.00,0,0,0.00,0,0,0,0,0,0,0,0,0,0,0,0,0,0,0,0
Linux - Nautilus - Dateivorschau,5oFC_tKQz0o,2.38,"Aug 30, 2013",29,24,1.2,50.81,0,0,0.00,0,0,0.00,0,0,0.00,0,0,0,0,0,0.00,0,0,0.00,0,0,0,0,0,0,0,0,0,0,0,0,0,0,0,0
Firefox Nightly - Classic Theme Restorer,F4IxUQ2bXkI,2.38,"Nov 22, 2013",29,62,0.5,19.67,0,0,0.00,0,0,0.00,0,0,0.00,0,1,0,0,0,0.00,0,0,0.00,0,0,0,0,0,0,0,0,0,0,0,0,0,0,0,0
Python-Programmierung - Funktionen (Teil 3),5AdJx3Coihg,3.18,"Sep 21, 2011",29,26,1.1,34.91,0,0,0.00,0,0,0.00,0,0,0.00,0,0,0,0,0,0.00,0,0,0.00,0,0,0,0,0,0,0,0,0,0,0,0,0,0,0,0
Python-Programmierung - Funktionen (Teil 4),H6ij-bv2qns,2.53,"Nov 04, 2011",29,22,1.3,51.83,0,0,0.00,0,0,0.00,0,0,0.00,0,0,0,0,0,0.00,0,0,0.00,0,0,0,0,0,0,0,0,0,0,0,0,0,0,0,0
Python-Programmierung - Modul platform,1Khosumisyk,2.18,"Mar 19, 2014",29,29,1.0,45.51,0,0,0.00,0,0,0.00,0,0,0.00,0,0,0,0,0,0.00,0,0,0.00,0,0,0,0,0,0,0,0,0,0,0,0,0,0,0,0
Google Web Designer jetzt auch für Linux erhältlich,TAw6C-rC2i4,5.65,"Apr 26, 2014",28,22,1.3,22.85,0,0,0.00,0,0,0.00,0,0,0.00,0,0,0,0,0,0.00,0,0,0.00,0,0,0,0,0,0,0,0,0,0,0,0,0,0,0,0
Reguläre Ausdrücke mit Regex Cross­word lernen,cuh1h57PrfQ,2.18,"Jan 28, 2015",28,40,0.7,32.32,0,0,0.00,0,0,0.00,0,0,0.00,0,0,0,0,0,0.00,0,0,0.00,0,1,1,0,0,0,0,0,0,0,0,0,0,0,0,0
Firefox - Leseansicht,8XXGNZ_EScc,2.77,"Jun 16, 2015",28,25,1.1,40.36,0,0,0.00,0,0,0.00,0,0,0.00,0,0,0,0,0,0.00,0,0,0.00,0,0,0,0,0,0,0,0,0,0,0,0,0,0,0,0
Eigene Pakete für Maxdome und Lovefilm im Pipelight-PPA,wtiF-NQKA4w,2.18,"Apr 18, 2014",28,29,1.0,43.68,0,0,0.00,0,0,0.00,0,0,0.00,0,0,0,0,0,0.00,0,0,0.00,0,0,0,0,0,0,0,0,0,2,2,0,0,0,0,0
DouDouLinux 1.2 - Demo,Jncg_L8ayUM,6.33,"Jul 04, 2012",28,21,1.3,20.74,0,0,0.00,0,0,0.00,0,0,0.00,0,0,0,0,0,0.00,0,0,0.00,0,0,0,0,0,0,0,0,0,0,0,0,0,0,0,0
redis - Datentypen - sorted sets,zU1oSK1x17g,5.00,"Oct 19, 2012",28,15,1.8,36.72,0,0,0.00,0,0,0.00,0,0,0.00,0,0,0,0,0,0.00,0,0,0.00,0,0,0,0,0,0,0,0,0,0,0,0,0,0,0,0
LibreOffice - Wie man ein Makro ausführt,znycX4Q8AZE,6.27,"Apr 06, 2014",28,10,2.8,43.95,0,0,0.00,0,0,0.00,0,0,0.00,0,0,0,1,10,10.00,0,10,0.00,10,0,0,0,0,0,0,0,0,1,2,1,0,0,0,0
Crashkurs LibreOffice Calc für Datenjournalismus - Ausgabemöglichkeit: HTML,qnAKHiUddZA,2.38,"Jun 25, 2013",28,20,1.4,57.75,0,0,0.00,0,0,0.00,0,0,0.00,0,0,0,0,0,0.00,0,0,0.00,0,0,0,0,0,0,0,0,0,1,2,1,0,0,0,0
ffmpeg - Videofilter format - Video in schwarz/weiss oder grau,q8QNZGb5cjo,3.88,"Apr 01, 2012",27,20,1.4,35.27,0,0,0.00,0,0,0.00,0,0,0.00,0,0,0,0,0,0.00,0,0,0.00,0,1,1,0,0,0,0,0,0,0,0,0,0,0,0,0
sed - reguläre Beispiele - Tipp,7KHlMpNbDVo,3.07,"Jul 21, 2013",27,20,1.4,44.55,0,0,0.00,0,0,0.00,0,0,0.00,0,0,0,0,0,0.00,0,0,0.00,0,0,0,0,0,0,0,0,0,0,0,0,0,0,0,0
HTML und CSS - Grundgerüst einer HTML-Seite,TbfOV-bBQIc,2.75,"Apr 02, 2015",27,21,1.3,47.15,1,6,16.67,3,28,10.71,0,0,0.00,0,0,0,0,0,0.00,0,0,0.00,0,1,1,0,0,0,0,0,0,1,1,0,0,0,0,0
Linux - Prozessliste - ps,PLu7a1Exixw,4.70,"Dec 14, 2011",27,18,1.5,32.15,0,0,0.00,0,0,0.00,0,0,0.00,0,0,0,0,0,0.00,0,0,0.00,0,0,0,0,0,0,0,0,0,0,0,0,0,0,0,0
"nautilus-image-converter, nautilus-open-terminal",no443iNyh0s,3.18,"Sep 22, 2011",27,38,0.7,22.47,0,0,0.00,0,0,0.00,0,0,0.00,0,0,0,0,0,0.00,0,0,0.00,0,1,1,0,0,0,0,0,0,0,0,0,0,0,0,0
LibreOffice - Calc - Daten ändern,6yd8TQdDYSo,3.90,"Feb 03, 2015",27,28,1.0,24.63,0,0,0.00,0,0,0.00,0,0,0.00,0,0,0,0,0,0.00,0,0,0.00,0,0,0,0,0,0,0,0,0,1,2,1,0,0,0,0
LibreOffice - bekannte Probleme mit dem Makrorekorder,hVSPM3Ez_hE,5.83,"Mar 14, 2014",27,13,2.0,35.05,0,0,0.00,0,0,0.00,0,0,0.00,0,0,0,0,0,0.00,0,0,0.00,0,0,0,0,0,0,0,0,0,0,0,0,0,0,0,0
"HTML5 - Verschachtelung, strong und Kommentar",ODOGrwfXJz0,3.57,"Jun 26, 2012",26,13,2.0,56.64,0,0,0.00,0,0,0.00,0,0,0.00,0,0,0,0,0,0.00,0,0,0.00,0,0,0,0,0,0,0,0,0,0,0,0,0,0,0,0
LibreOffice - Calc - Umrandungen,hsUbfOd87Gs,2.75,"Feb 21, 2015",26,29,0.9,32.48,0,0,0.00,0,0,0.00,0,0,0.00,0,0,0,0,0,0.00,0,0,0.00,0,0,0,0,0,0,0,0,0,1,2,1,0,0,0,0
Linux - die Hardwareparameter im /proc-Verzeichnis,OfKnjhK_4NM,3.62,"Nov 07, 2013",26,15,1.7,47.55,0,0,0.00,0,0,0.00,0,0,0.00,0,0,0,0,0,0.00,0,0,0.00,0,0,0,0,0,0,0,0,0,0,0,0,0,0,0,0
Linux - Nautilus - Dateien verstecken,wwLT2VO59Kc,2.12,"Aug 30, 2013",26,14,1.8,86.69,0,0,0.00,0,0,0.00,0,0,0.00,0,0,0,0,0,0.00,0,0,0.00,0,0,0,0,0,0,0,0,0,0,0,0,0,0,0,0
Firefox - NoScript,ci-Y-ZKObfc,3.95,"Mar 29, 2011",25,23,1.1,27.99,0,0,0.00,0,0,0.00,0,0,0.00,0,0,0,0,0,0.00,0,0,0.00,0,0,0,0,0,0,0,0,0,1,1,0,0,0,0,0
bottle - redirect,dBkQ-YMAdkE,1.82,"Jun 10, 2012",25,41,0.6,33.92,0,0,0.00,0,0,0.00,0,0,0.00,0,0,0,0,0,0.00,0,0,0.00,0,0,0,0,0,0,0,0,0,0,0,0,0,0,0,0
Linux - recordmydesktop - Screencasts erstellen,jfRw8515oGE,5.27,"Dec 14, 2011",25,10,2.5,47.84,0,0,0.00,0,0,0.00,0,0,0.00,0,0,0,0,0,0.00,0,0,0.00,0,0,0,0,0,0,0,0,0,0,0,0,0,0,0,0
Medusa - Sicherheitsüberprüfung von Netzwerken,_24N-L0KCl4,9.10,"Aug 07, 2012",25,14,1.8,19.52,0,0,0.00,0,0,0.00,0,0,0.00,0,0,0,0,0,0.00,0,0,0.00,0,0,0,0,0,0,0,0,0,0,0,0,0,0,0,0
Debian - dpkg - Aus welchem Paket stammt eine bestimmte Datei ? (Paketverwaltung .deb),uh1fa-NDIKc,1.28,"Dec 13, 2013",25,25,1.0,77.44,0,0,0.00,0,0,0.00,0,0,0.00,0,0,0,0,50,0.00,0,50,0.00,50,0,0,0,0,0,0,0,0,0,0,0,0,0,0,0
Gnome3 - Ordner vor Dateien anzeigen,IvlyV32wYTE,3.28,"Feb 12, 2013",25,24,1.0,31.44,0,0,0.00,0,0,0.00,0,0,0.00,0,0,0,0,0,0.00,0,0,0.00,0,0,0,0,0,0,0,0,0,0,0,0,0,0,0,0
ghost - ghost installieren (benutzerfreundliche Blogging-Software basierend auf node.js),jbJLVj1l9qI,6.57,"Oct 16, 2013",25,19,1.3,19.84,0,0,0.00,0,0,0.00,0,0,0.00,0,0,0,0,0,0.00,0,0,0.00,0,1,1,0,0,0,0,0,0,0,0,0,0,0,0,0
Taskwarrior - Löschen von Aufgaben,jRqtintAAIk,2.15,"Sep 24, 2012",25,20,1.2,57.34,0,0,0.00,0,0,0.00,0,0,0.00,0,0,0,0,0,0.00,0,0,0.00,0,1,1,0,0,0,0,0,0,0,0,0,0,0,0,0
Notizen für Tomboy aus Firefox heraus erzeugen,PD3eTi1YivI,2.15,"Feb 08, 2015",25,23,1.1,49.69,0,0,0.00,0,0,0.00,0,0,0.00,0,0,0,0,0,0.00,0,0,0.00,0,0,0,0,0,0,0,0,0,0,0,0,0,0,0,0
blockdiag - Beispieldiagramme,_0GReQCqQ6Q,5.92,"Feb 15, 2013",24,12,2.0,34.49,0,0,0.00,0,0,0.00,0,0,0.00,0,0,0,0,0,0.00,0,0,0.00,0,0,0,0,0,0,0,0,0,0,0,0,0,0,0,0
Gnome - Pessulus,k0ywpFgnO5E,4.20,"Dec 14, 2011",24,35,0.7,16.46,0,0,0.00,0,0,0.00,0,0,0.00,0,0,0,0,0,0.00,0,0,0.00,0,0,0,0,0,0,0,0,0,0,0,0,0,0,0,0
Debian - dpkg - Abfrage des Installationsstatus (Paketverwaltung .deb),kkDVaCEiGts,2.37,"Dec 13, 2013",24,14,1.7,72.58,0,0,0.00,0,0,0.00,0,0,0.00,0,0,0,0,22,0.00,0,22,0.00,22,0,0,0,0,0,0,0,0,0,0,0,0,0,0,0
Linux - Desktop Effects,VyFcUAeqn_c,6.25,"Dec 13, 2011",24,9,2.7,42.57,0,0,0.00,0,0,0.00,0,0,0.00,0,0,0,0,0,0.00,0,0,0.00,0,0,0,0,0,0,0,0,0,0,0,0,0,0,0,0
Taskwarrior - Datum und Uhrzeit - relative und sprachliche Datumsformate,M2Wn2zjnVtE,4.80,"Feb 12, 2013",24,11,2.2,45.21,0,0,0.00,0,0,0.00,0,0,0.00,0,0,0,0,0,0.00,0,0,0.00,0,0,0,0,0,0,0,0,0,0,0,0,0,0,0,0
Raspberry Pi - SD-Karte mit gnome-disks sichern,IO25A5YopvE,2.48,"Sep 15, 2015",24,24,1.0,39.62,0,0,0.00,0,16,0.00,0,0,0.00,0,0,0,0,0,0.00,0,0,0.00,0,1,1,0,0,0,0,0,0,1,1,0,0,0,0,0
"Coder auf dem PC installieren (HTML, CSS, Javascript ganz einfach lernen)",h7YpHP3c2Tc,6.40,"Oct 24, 2013",23,17,1.4,21.44,0,0,0.00,0,0,0.00,0,0,0.00,0,0,0,0,28,0.00,8,28,28.57,28,2,2,0,0,0,0,0,1,1,1,0,0,0,0,0
Linux - Textverarbeitung in der Kommandozeile (Tipp),FRO3pzwvbOo,2.92,"Jul 20, 2013",23,20,1.2,39.49,0,0,0.00,0,0,0.00,0,0,0.00,0,0,0,0,0,0.00,0,0,0.00,0,0,0,0,0,0,0,0,0,0,0,0,0,0,0,0
Taskwarrior - Dringlichkeit,YGaBNCf2tls,1.68,"Aug 28, 2013",23,40,0.6,34.21,0,0,0.00,0,0,0.00,0,0,0.00,0,0,0,0,0,0.00,0,0,0.00,0,0,0,0,0,0,0,0,0,1,1,0,0,0,0,0
LibreOffice - Sich schnell durch ein Dokument bewegen,Ni25-tyq640,2.90,"Sep 19, 2011",23,18,1.3,44.01,0,0,0.00,0,0,0.00,0,0,0.00,0,0,0,0,0,0.00,0,0,0.00,0,0,0,0,0,0,0,0,0,0,0,0,0,0,0,0
Python-Programmierung - Zeichenkettenmethoden,oPvSHZNBp2Q,3.93,"Feb 16, 2013",23,18,1.3,32.42,0,0,0.00,0,0,0.00,0,0,0.00,0,0,0,0,0,0.00,0,0,0.00,0,1,1,0,0,0,0,0,0,0,0,0,0,0,0,0
Linux - Verzeichnisse wechseln in der Shell mit bd,WAGapFoJKjA,4.03,"Oct 27, 2013",23,32,0.7,17.49,0,0,0.00,0,0,0.00,0,0,0.00,0,0,0,0,0,0.00,0,0,0.00,0,1,1,0,0,0,0,0,0,0,0,0,0,0,0,0
Unity - herkömmliche Scrollleiste aktivieren,_fTRBcVCm4M,1.70,"Jul 03, 2011",23,25,0.9,53.08,0,0,0.00,0,0,0.00,0,0,0.00,0,0,0,0,0,0.00,0,0,0.00,0,0,0,0,0,0,0,0,0,0,0,0,0,0,0,0
Taskwarrior - Etiketten (Tags),XvZssvb3wtc,2.97,"Jul 01, 2013",23,21,1.1,36.15,0,0,0.00,0,0,0.00,0,0,0.00,0,0,0,0,0,0.00,0,0,0.00,0,0,0,0,0,0,0,0,0,0,0,0,0,0,0,0
Taskwarrior - Datum und Uhrzeit - Fälligkeit,PcvkjQdqV1Q,2.22,"Dec 04, 2012",22,24,0.9,42.19,0,0,0.00,0,0,0.00,0,0,0.00,0,0,0,0,0,0.00,0,0,0.00,0,0,0,0,0,0,0,0,0,0,0,0,0,0,0,0
SteamOS 1.0 Beta - Demo (SteamOS alchemist - Test) - ohne Ton,zesqypIFRsU,10.47,"Dec 15, 2013",22,35,0.6,6.09,0,0,0.00,0,0,0.00,0,0,0.00,0,0,0,0,0,0.00,0,0,0.00,0,0,0,0,0,0,0,0,0,0,0,0,0,0,0,0
Geeksphone Revolution - Firefox OS installieren,xbNqD9jUGuw,4.30,"Apr 12, 2014",22,15,1.5,34.48,0,0,0.00,0,0,0.00,0,0,0.00,0,0,0,0,0,0.00,0,0,0.00,0,0,0,0,0,0,0,0,0,0,0,0,0,0,0,0
awesome - ein Tiling-Fenstermanager - Steuerung,knRy-Q2vpwM,4.92,"Feb 13, 2013",22,24,0.9,18.75,0,0,0.00,0,0,0.00,0,0,0.00,0,1,0,0,0,0.00,0,0,0.00,0,0,0,0,0,0,0,0,0,0,0,0,0,0,0,0
Unity - Menü ins Fenster verlagern,eEcIP536uOM,1.45,"Jul 02, 2011",22,38,0.6,40.09,0,0,0.00,0,0,0.00,0,0,0.00,0,0,0,0,0,0.00,0,0,0.00,0,0,0,0,0,0,0,0,0,0,0,0,0,0,0,0
Gnome3 - run-dialog,D6dB3fYgepg,6.37,"Mar 10, 2012",22,9,2.5,38.52,0,0,0.00,0,0,0.00,0,0,0.00,0,0,0,0,0,0.00,0,0,0.00,0,0,0,0,0,0,0,0,0,0,0,0,0,0,0,0
HTML und CSS - Die notwendigen Tools,4zF55X9iK1E,2.13,"Feb 26, 2015",22,16,1.4,63.41,0,0,0.00,0,0,0.00,0,0,0.00,0,0,0,0,42,0.00,1,42,2.38,42,0,0,0,0,0,0,0,0,0,0,0,0,0,0,0
Taskwarrior - Projekte,IhhsfMwp6JM,2.23,"Sep 26, 2012",21,18,1.2,53.37,0,0,0.00,0,0,0.00,0,0,0.00,0,0,0,0,0,0.00,0,0,0.00,0,0,0,0,0,0,0,0,0,0,0,0,0,0,0,0
LibreOffice - Calc - Schrift formatieren,piBTq1NOYR0,2.85,"Feb 17, 2015",21,18,1.2,41.59,0,0,0.00,0,0,0.00,0,0,0.00,0,0,0,0,0,0.00,0,0,0.00,0,0,0,0,0,0,0,0,0,1,2,1,0,0,0,0
Ubuntu Touch - Messaging-App,sYkBDNZKxDY,2.17,"Mar 19, 2014",21,31,0.7,31.75,0,0,0.00,0,0,0.00,0,0,0.00,0,0,0,0,0,0.00,0,0,0.00,0,0,0,0,0,0,0,0,0,0,0,0,0,0,0,0
Ubuntu Touch - Telefon-App,86cChJy4-84,3.03,"Mar 15, 2014",21,33,0.6,21.25,0,0,0.00,0,0,0.00,0,0,0.00,0,0,0,0,0,0.00,0,0,0.00,0,0,0,0,0,0,0,0,0,0,0,0,0,0,0,0
Taskwarrior - Datum und Uhrzeit - scheduled,iqu_wadiYFs,1.83,"Mar 06, 2013",21,25,0.8,48.19,0,0,0.00,0,0,0.00,0,0,0.00,0,0,0,0,0,0.00,0,0,0.00,0,0,0,0,0,0,0,0,0,1,1,0,0,0,0,0
Linux - bleachbit,HJM-lkXANiE,3.80,"Sep 09, 2012",21,17,1.2,32.77,0,0,0.00,0,0,0.00,0,0,0.00,0,0,0,0,0,0.00,0,0,0.00,0,0,0,0,0,0,0,0,0,0,0,0,0,0,0,0
"Linux - Programme finden - which, whereis und type",pgnpEI3QGiU,2.38,"Aug 25, 2015",21,25,0.8,35.02,0,0,0.00,0,20,0.00,0,0,0.00,0,0,0,0,0,0.00,0,0,0.00,0,0,0,0,0,0,0,0,0,0,0,0,0,0,0,0
Linux - Verschlüsselte Containerdatei - Passwörter verwalten,kBslQm5fUkk,4.00,"Mar 08, 2014",21,14,1.5,37.00,0,0,0.00,0,0,0.00,0,0,0.00,0,0,0,0,0,0.00,0,0,0.00,0,0,0,0,0,0,0,0,0,0,0,0,0,0,0,0
Gnome3 - Notizen-App (bijiben), -bcRiqWjZJA,1.75,"Aug 02, 2013",21,31,0.7,38.16,0,0,0.00,0,0,0.00,0,0,0.00,0,0,0,0,0,0.00,0,0,0.00,0,0,0,0,0,0,0,0,0,0,0,0,0,0,0,0
